sample_index,amplitude
0,0.01036752574145794
1,0.02465001679956913
2,0.00992230512201786
3,-0.039075665175914764
4,0.027176788076758385
5,0.013377632014453411
6,-0.016175443306565285
7,0.01731814257800579
8,0.010820649564266205
9,0.008784463629126549
10,0.0009585602092556655
11,0.016660479828715324
12,-0.021764647215604782
13,-0.004646299406886101
14,-0.014474906958639622
15,0.01762423850595951
16,0.000600386643782258
17,-0.009377790614962578
18,-0.02376643382012844
19,-0.007499116938561201
20,0.0010007767705246806
21,-0.007230420596897602
22,0.03968481346964836
23,0.03042970411479473
24,-0.08197413384914398
25,-0.05802278220653534
26,-0.00677691912278533
27,-0.01367100141942501
28,0.006499844137579203
29,0.007830963470041752
30,0.06562233716249466
31,-0.031379103660583496
32,-0.010405887849628925
33,0.06056934967637062
34,0.017176957800984383
35,0.01701473817229271
36,-0.017679713666439056
37,-0.049953948706388474
38,0.006698484532535076
39,0.0065928795374929905
40,-0.03321873024106026
41,-0.01825978420674801
42,-0.0024665421806275845
43,-0.031302351504564285
44,-0.007451939396560192
45,-0.0012498341966420412
46,-0.0007231587078422308
47,-0.013620114885270596
48,0.02231653407216072
49,0.03235884755849838
50,0.013881808146834373
51,-0.02372409589588642
52,0.018682196736335754
53,-0.021231260150671005
54,0.01986805722117424
55,-0.0360298827290535
56,0.02815624140202999
57,0.004728929605334997
58,-0.02961924858391285
59,-0.002455664100125432
60,0.00447163637727499
61,0.005340900272130966
62,-0.03709201142191887
63,-0.04248388111591339
64,-0.0008125109598040581
65,-0.01509573683142662
66,0.012535554356873035
67,0.03274865821003914
68,-0.039246104657649994
69,0.013492458499968052
70,0.03533203899860382
71,-0.01739049330353737
72,-0.036426641047000885
73,0.012089941650629044
74,0.003574845613911748
75,0.031472377479076385
76,0.0012599072651937604
77,-0.030680743977427483
78,0.00653384393081069
79,-0.012119789607822895
80,0.014926748350262642
81,-0.008847442455589771
82,-0.06362408399581909
83,-0.04398137331008911
84,0.02893880382180214
85,0.03279050439596176
86,-0.00193463871255517
87,0.01458215806633234
88,0.01862994022667408
89,0.00716740544885397
90,0.009792427532374859
91,-0.01143790502101183
92,-0.016144368797540665
93,-0.009006197564303875
94,0.04357326030731201
95,-0.047253575176000595
96,0.01575060933828354
97,0.01159741636365652
98,-0.04659876227378845
99,-0.007176917511969805
100,-0.042879898101091385
101,0.006555628031492233
102,-0.01025049015879631
103,0.029838096350431442
104,0.05884296074509621
105,0.03679719194769859
106,-0.009137218818068504
107,-0.04444587230682373
108,0.03638499602675438
109,-0.030147604644298553
110,-0.046465612947940826
111,-0.008908717893064022
112,-3.472880052868277e-05
113,0.04834769293665886
114,0.031308386474847794
115,0.024946562945842743
116,-0.01381734199821949
117,0.0008037836523726583
118,-0.05999181419610977
119,-0.012293674051761627
120,0.0244431309401989
121,-0.04615892842411995
122,-0.05266913026571274
123,0.05276700481772423
124,0.10878299921751022
125,-0.014082380570471287
126,-0.0456123873591423
127,-0.011617586947977543
128,-0.06331859529018402
129,-0.04538492113351822
130,-0.019050000235438347
131,0.033451758325099945
132,0.02443627454340458
133,0.04831378161907196
134,0.02035953290760517
135,-0.025859419256448746
136,-0.036833371967077255
137,-0.07112828642129898
138,-0.03927566856145859
139,-0.05238138139247894
140,-0.021741023287177086
141,0.08039792627096176
142,0.04513745754957199
143,0.03464968875050545
144,0.02472047507762909
145,-0.035058602690696716
146,-0.05199331417679787
147,-0.03563311696052551
148,-0.021736284717917442
149,-0.03288748860359192
150,0.05900890380144119
151,0.034146588295698166
152,0.015446687117218971
153,-0.005686863791197538
154,-0.026339732110500336
155,0.00381512101739645
156,-0.09143237769603729
157,-0.03785598650574684
158,-0.0739918202161789
159,0.02810007892549038
160,0.08158448338508606
161,0.05035475268959999
162,0.01598556526005268
163,0.003187233116477728
164,-0.020648371428251266
165,-0.04205986484885216
166,0.003912229090929031
167,-0.017587237060070038
168,0.0011015922063961625
169,0.050459980964660645
170,0.06418511271476746
171,0.05257516726851463
172,0.00908835418522358
173,-0.029451481997966766
174,-0.11509248614311218
175,-0.04223930090665817
176,-0.056800730526447296
177,-0.029017793014645576
178,0.06932439655065536
179,0.11244003474712372
180,0.07860000431537628
181,0.03103608638048172
182,-0.051810216158628464
183,0.021748263388872147
184,-0.050865352153778076
185,-0.09034254401922226
186,-0.033096037805080414
187,0.0446443185210228
188,0.0295897014439106
189,0.08241313695907593
190,0.03044377826154232
191,0.027585215866565704
192,-0.030776385217905045
193,-0.16601955890655518
194,-0.071456179022789
195,-0.07680057734251022
196,0.06286418437957764
197,0.08052349090576172
198,0.105312280356884
199,0.03118767775595188
200,0.06380127370357513
201,0.010334186255931854
202,-0.12031550705432892
203,-0.07689116150140762
204,-0.06896735727787018
205,0.012180659919977188
206,0.0320420004427433
207,0.1532309353351593
208,0.05281531438231468
209,0.021138573065400124
210,-0.021062307059764862
211,-0.106904037296772
212,-0.10825121402740479
213,-0.08708550035953522
214,-0.011657819151878357
215,0.024276308715343475
216,0.0882255956530571
217,0.09302530437707901
218,0.04313398897647858
219,-0.015579394064843655
220,-0.09010091423988342
221,-0.08789099007844925
222,-0.10098783671855927
223,-0.03546890616416931
224,0.023529889062047005
225,0.08458214998245239
226,0.07592054456472397
227,0.09276127815246582
228,-0.02850879356265068
229,-0.09180252254009247
230,-0.10440412163734436
231,-0.09868345409631729
232,-0.06928246468305588
233,-0.038153063505887985
234,0.10614732652902603
235,0.13223622739315033
236,0.05847044661641121
237,0.05536744371056557
238,-0.07273776829242706
239,-0.14795023202896118
240,-0.12428222596645355
241,-0.08948876708745956
242,0.002846288029104471
243,0.03221163898706436
244,0.18415449559688568
245,0.10451609641313553
246,0.014909758232533932
247,-0.00979815423488617
248,-0.1173231452703476
249,-0.1293087750673294
250,-0.120658278465271
251,-0.03441667929291725
252,0.06819994747638702
253,0.10641678422689438
254,0.1612708419561386
255,0.07681900262832642
256,-0.02609061449766159
257,-0.08996176719665527
258,-0.13179440796375275
259,-0.1415424644947052
260,-0.09041561186313629
261,0.05372638255357742
262,0.06792985647916794
263,0.1233251765370369
264,0.1212906688451767
265,-0.00842162687331438
266,-0.07002044469118118
267,-0.14595215022563934
268,-0.12809407711029053
269,-0.12491471320390701
270,-0.014798995107412338
271,0.11509166657924652
272,0.08748631924390793
273,0.2399151623249054
274,0.04657517746090889
275,-0.06466113030910492
276,-0.10986574739217758
277,-0.17117847502231598
278,-0.18305759131908417
279,-0.012750360183417797
280,0.10748284310102463
281,0.1471043974161148
282,0.16108375787734985
283,0.11830903589725494
284,-0.03600957989692688
285,-0.10570120811462402
286,-0.17196479439735413
287,-0.17950432002544403
288,-0.1117827296257019
289,0.04452359303832054
290,0.12527646124362946
291,0.2162352055311203
292,0.14342956244945526
293,0.05347738787531853
294,-0.08968311548233032
295,-0.169782817363739
296,-0.20775754749774933
297,-0.08958092331886292
298,0.06788497418165207
299,0.12424536049365997
300,0.17750337719917297
301,0.1668902188539505
302,0.05749479681253433
303,-0.08177827298641205
304,-0.16408823430538177
305,-0.21154476702213287
306,-0.10516335815191269
307,-0.02772367186844349
308,0.11628477275371552
309,0.22402751445770264
310,0.19017139077186584
311,0.15818381309509277
312,-0.03978860005736351
313,-0.17338363826274872
314,-0.22417546808719635
315,-0.18738940358161926
316,-0.11525561660528183
317,0.0700588971376419
318,0.13573046028614044
319,0.26155588030815125
320,0.15484075248241425
321,0.005397105123847723
322,-0.1476098895072937
323,-0.2254817634820938
324,-0.22093231976032257
325,-0.15137676894664764
326,0.0005752777797169983
327,0.16001425683498383
328,0.21596480906009674
329,0.2243269830942154
330,0.1079479232430458
331,-0.08195913583040237
332,-0.1898602396249771
333,-0.27710455656051636
334,-0.146736741065979
335,-0.02166750282049179
336,0.14963507652282715
337,0.28107744455337524
338,0.16090670228004456
339,0.13226577639579773
340,-0.06942889839410782
341,-0.16523540019989014
342,-0.289827436208725
343,-0.22302184998989105
344,-0.0675850510597229
345,0.11313280463218689
346,0.22537879645824432
347,0.23073430359363556
348,0.15741954743862152
349,0.0425080768764019
350,-0.15092940628528595
351,-0.3032819926738739
352,-0.21908794343471527
353,-0.11572004854679108
354,0.0718914344906807
355,0.19112363457679749
356,0.29448699951171875
357,0.1880704015493393
358,0.08983179926872253
359,-0.12269090116024017
360,-0.22268173098564148
361,-0.2419617772102356
362,-0.2037806361913681
363,-0.011826655827462673
364,0.1685226410627365
365,0.30868449807167053
366,0.2806783616542816
367,0.09471437335014343
368,-0.04215962439775467
369,-0.19790877401828766
370,-0.22544997930526733
371,-0.2816796898841858
372,-0.0870501846075058
373,0.1621962934732437
374,0.22270075976848602
375,0.2538275420665741
376,0.20433135330677032
377,0.03422195836901665
378,-0.20490527153015137
379,-0.2774837017059326
380,-0.2706403136253357
381,-0.08807407319545746
382,0.06701943278312683
383,0.269789457321167
384,0.28183063864707947
385,0.23675021529197693
386,0.06540679931640625
387,-0.10319563746452332
388,-0.2670169472694397
389,-0.3300382196903229
390,-0.1748558133840561
391,0.02703227289021015
392,0.19986365735530853
393,0.30705317854881287
394,0.28287097811698914
395,0.08433608710765839
396,-0.07356597483158112
397,-0.25360605120658875
398,-0.35481664538383484
399,-0.23053236305713654
400,-0.10592725872993469
401,0.1369355469942093
402,0.2917579114437103
403,0.3847038149833679
404,0.15315112471580505
405,0.0043981862254440784
406,-0.19416603446006775
407,-0.3248830735683441
408,-0.26744115352630615
409,-0.16597305238246918
410,0.023972881957888603
411,0.30490484833717346
412,0.3129957914352417
413,0.25297167897224426
414,0.02485097199678421
415,-0.13897225260734558
416,-0.3021668493747711
417,-0.36411604285240173
418,-0.17909018695354462
419,0.02568734437227249
420,0.23827964067459106
421,0.35963642597198486
422,0.3106236159801483
423,0.15415586531162262
424,-0.09720949828624725
425,-0.31428736448287964
426,-0.3387211859226227
427,-0.2904474139213562
428,-0.04610446095466614
429,0.201170414686203
430,0.3950279951095581
431,0.34455302357673645
432,0.26275578141212463
433,-0.027344929054379463
434,-0.2690887749195099
435,-0.39998316764831543
436,-0.3124556243419647
437,-0.1331200897693634
438,0.08853056281805038
439,0.29246243834495544
440,0.3722238838672638
441,0.26047903299331665
442,0.08091053366661072
443,-0.16608771681785583
444,-0.34751951694488525
445,-0.365872859954834
446,-0.22672587633132935
447,0.045864369720220566
448,0.31135261058807373
449,0.4657558500766754
450,0.3702258765697479
451,0.12408798933029175
452,-0.13658422231674194
453,-0.3638065457344055
454,-0.43220755457878113
455,-0.2941967844963074
456,-0.034794535487890244
457,0.28213319182395935
458,0.3983516991138458
459,0.4338372051715851
460,0.26941633224487305
461,-0.05448629707098007
462,-0.25880593061447144
463,-0.40244388580322266
464,-0.3675459027290344
465,-0.12145334482192993
466,0.15544718503952026
467,0.3658657371997833
468,0.42240655422210693
469,0.30010077357292175
470,0.04510695859789848
471,-0.27412354946136475
472,-0.4205178916454315
473,-0.45483478903770447
474,-0.21013250946998596
475,0.08919623494148254
476,0.33482226729393005
477,0.45450401306152344
478,0.38421785831451416
479,0.10533131659030914
480,-0.17989540100097656
481,-0.3814243972301483
482,-0.4176587164402008
483,-0.2901700735092163
484,0.0541391521692276
485,0.2661357522010803
486,0.4738297462463379
487,0.4626801908016205
488,0.21451814472675323
489,-0.10974966734647751
490,-0.38882535696029663
491,-0.46299031376838684
492,-0.34396395087242126
493,-0.1119527667760849
494,0.19677244126796722
495,0.40963512659072876
496,0.48352521657943726
497,0.24327123165130615
498,0.01872408390045166
499,-0.2900662422180176
500,-0.5086369514465332
501,-0.37431901693344116
502,-0.2597012519836426
503,0.06844913214445114
504,0.3412858843803406
505,0.5229154825210571
506,0.3605740964412689
507,0.13390439748764038
508,-0.19369161128997803
509,-0.4377543032169342
510,-0.5244579315185547
511,-0.33007368445396423
512,0.05019344761967659
513,0.27490586042404175
514,0.4662706255912781
515,0.44895222783088684
516,0.24083593487739563
517,-0.10984151065349579
518,-0.3794732987880707
519,-0.543106198310852
520,-0.36794838309288025
521,-0.08942463248968124
522,0.1840403974056244
523,0.5164757966995239
524,0.5720202922821045
525,0.2920079827308655
526,-0.011137573048472404
527,-0.29505622386932373
528,-0.5592798590660095
529,-0.5270041227340698
530,-0.25287339091300964
531,0.1179460808634758
532,0.40919673442840576
533,0.5504494309425354
534,0.4124974012374878
535,0.06066339835524559
536,-0.2362048476934433
537,-0.43891626596450806
538,-0.4847617447376251
539,-0.28763604164123535
540,0.02726389467716217
541,0.3904133141040802
542,0.509331226348877
543,0.5025177001953125
544,0.20763428509235382
545,-0.11952081322669983
546,-0.43770891427993774
547,-0.5856475830078125
548,-0.40777280926704407
549,-0.051944367587566376
550,0.24144046008586884
551,0.5032751560211182
552,0.514372706413269
553,0.2737160325050354
554,-0.012700973078608513
555,-0.3460143208503723
556,-0.5375573635101318
557,-0.48451653122901917
558,-0.2069685459136963
559,0.1800079494714737
560,0.45513421297073364
561,0.5999919176101685
562,0.4491211771965027
563,0.10580848902463913
564,-0.3140290379524231
565,-0.5425801873207092
566,-0.5584295392036438
567,-0.2650241255760193
568,0.06281916052103043
569,0.3537723124027252
570,0.5964486598968506
571,0.5591356158256531
572,0.21997429430484772
573,-0.1666708141565323
574,-0.5015694499015808
575,-0.6519704461097717
576,-0.4771353006362915
577,-0.10345366597175598
578,0.3177160620689392
579,0.5790086984634399
580,0.5893570184707642
581,0.307415634393692
582,-0.045593105256557465
583,-0.44390028715133667
584,-0.6281750798225403
585,-0.48700353503227234
586,-0.21971078217029572
587,0.13221828639507294
588,0.4965258538722992
589,0.6146577000617981
590,0.33437979221343994
591,0.04251720383763313
592,-0.35548317432403564
593,-0.6370924711227417
594,-0.6274974942207336
595,-0.32928040623664856
596,0.0757138729095459
597,0.4988918602466583
598,0.64036625623703
599,0.4739706218242645
600,0.15833988785743713
601,-0.2147316038608551
602,-0.49714395403862
603,-0.6185207366943359
604,-0.4202711880207062
605,0.016505712643265724
606,0.3693566918373108
607,0.609349250793457
608,0.5540391206741333
609,0.2966045141220093
610,-0.0455094538629055
611,-0.5295735001564026
612,-0.6503196954727173
613,-0.5713989734649658
614,-0.17067256569862366
615,0.28501787781715393
616,0.5723589658737183
617,0.6695166230201721
618,0.4528433680534363
619,0.03776397928595543
620,-0.3435174524784088
621,-0.6192337274551392
622,-0.6180059909820557
623,-0.3278065621852875
624,0.10513382405042648
625,0.5271897315979004
626,0.661857008934021
627,0.6176415681838989
628,0.21920010447502136
629,-0.2879785895347595
630,-0.6150541305541992
631,-0.6135302186012268
632,-0.4881351888179779
633,-0.02191350981593132
634,0.44887885451316833
635,0.6387854218482971
636,0.6059231162071228
637,0.29102522134780884
638,-0.13112476468086243
639,-0.5348690152168274
640,-0.6797221302986145
641,-0.5233494639396667
642,-0.15129302442073822
643,0.33860641717910767
644,0.6086090803146362
645,0.6368540525436401
646,0.3775133192539215
647,-0.05724075436592102
648,-0.4625348746776581
649,-0.658289909362793
650,-0.6252712607383728
651,-0.31248170137405396
652,0.14009439945220947
653,0.5492194890975952
654,0.6991201043128967
655,0.5284843444824219
656,0.0963614359498024
657,-0.34383922815322876
658,-0.6249663233757019
659,-0.7598879337310791
660,-0.4359743297100067
661,-0.03709765896201134
662,0.4774123728275299
663,0.6892245411872864
664,0.5770427584648132
665,0.2893032133579254
666,-0.13964101672172546
667,-0.5878409743309021
668,-0.6949796676635742
669,-0.5505684614181519
670,-0.19011670351028442
671,0.3690175712108612
672,0.667558491230011
673,0.6644492149353027
674,0.4489772319793701
675,-0.036783307790756226
676,-0.5137471556663513
677,-0.7074026465415955
678,-0.6736970543861389
679,-0.25753501057624817
680,0.18859758973121643
681,0.6329975724220276
682,0.7145034074783325
683,0.5948151350021362
684,0.11800163239240646
685,-0.33644798398017883
686,-0.7289499640464783
687,-0.7351508736610413
688,-0.39565086364746094
689,-0.01720784418284893
690,0.4921296536922455
691,0.7854974865913391
692,0.6681739091873169
693,0.29556915163993835
694,-0.2493668794631958
695,-0.6256985068321228
696,-0.786166787147522
697,-0.5917231440544128
698,-0.14516443014144897
699,0.3883349895477295
700,0.7114413976669312
701,0.7133840918540955
702,0.30851641297340393
703,-0.14559493958950043
704,-0.5662661790847778
705,-0.7661374807357788
706,-0.676999032497406
707,-0.28071171045303345
708,0.19463270902633667
709,0.7285897135734558
710,0.7468839883804321
711,0.600183367729187
712,0.12409142404794693
713,-0.4223667085170746
714,-0.7681053876876831
715,-0.7384898066520691
716,-0.4424462616443634
717,0.11475638300180435
718,0.5764544010162354
719,0.810069739818573
720,0.6922610402107239
721,0.29344287514686584
722,-0.2998320758342743
723,-0.6615746021270752
724,-0.8182439208030701
725,-0.5743165016174316
726,-0.07780693471431732
727,0.4269934594631195
728,0.8026594519615173
729,0.7790936827659607
730,0.4376424551010132
731,-0.12969768047332764
732,-0.5940564870834351
733,-0.8298743963241577
734,-0.7010617852210999
735,-0.213982954621315
736,0.32094189524650574
737,0.6841215491294861
738,0.8254752159118652
739,0.4917009174823761
740,0.034980352967977524
741,-0.5013207197189331
742,-0.810685396194458
743,-0.7915500998497009
744,-0.36127424240112305
745,0.16856619715690613
746,0.6634742021560669
747,0.8338296413421631
748,0.6290279626846313
749,0.20087561011314392
750,-0.37368375062942505
751,-0.727827787399292
752,-0.7841683626174927
753,-0.5296175479888916
754,-0.038952525705099106
755,0.49688151478767395
756,0.8212336897850037
757,0.721560537815094
758,0.3830403685569763
759,-0.16931168735027313
760,-0.6701422333717346
761,-0.8592485785484314
762,-0.6634267568588257
763,-0.22120119631290436
764,0.3380359411239624
765,0.787295401096344
766,0.8371900916099548
767,0.5826866030693054
768,-0.030239339917898178
769,-0.5883103609085083
770,-0.8077560663223267
771,-0.7423166632652283
772,-0.3898228704929352
773,0.153771311044693
774,0.6761303544044495
775,0.8080635666847229
776,0.6556713581085205
777,0.11252977699041367
778,-0.3967864215373993
779,-0.8515888452529907
780,-0.8488152623176575
781,-0.4809066653251648
782,0.01230066642165184
783,0.5820868015289307
784,0.8338240385055542
785,0.746076226234436
786,0.3076915144920349
787,-0.19266857206821442
788,-0.7056831121444702
789,-0.8279094696044922
790,-0.7006534934043884
791,-0.1686597764492035
792,0.4154394865036011
793,0.8498571515083313
794,0.9023820161819458
795,0.49582356214523315
796,-0.07873367518186569
797,-0.63905930519104
798,-0.8332436084747314
799,-0.780200183391571
800,-0.3603205978870392
801,0.24424207210540771
802,0.6484203934669495
803,0.8348119854927063
804,0.6865124106407166
805,0.1519748717546463
806,-0.4370444416999817
807,-0.8613244295120239
808,-0.8399662971496582
809,-0.4548279345035553
810,0.02762695588171482
811,0.6095971465110779
812,0.8739184737205505
813,0.7861235737800598
814,0.32277125120162964
815,-0.2781420052051544
816,-0.7780331969261169
817,-0.9016368389129639
818,-0.674612820148468
819,-0.12776556611061096
820,0.4620400071144104
821,0.8676915764808655
822,0.8424891829490662
823,0.48397621512413025
824,-0.05857304483652115
825,-0.6437116861343384
826,-0.9135327339172363
827,-0.751937747001648
828,-0.30090516805648804
829,0.29829150438308716
830,0.7774953842163086
831,0.870860755443573
832,0.6600130796432495
833,0.13927999138832092
834,-0.4751100242137909
835,-0.9168356657028198
836,-0.8586483001708984
837,-0.5113548040390015
838,0.10455428808927536
839,0.6623794436454773
840,0.8812089562416077
841,0.8129312992095947
842,0.2866156995296478
843,-0.29984602332115173
844,-0.7764600515365601
845,-0.8792782425880432
846,-0.6050702333450317
847,-0.1250491440296173
848,0.5163750052452087
849,0.821379542350769
850,0.8538764715194702
851,0.4894160330295563
852,-0.11044903099536896
853,-0.646007776260376
854,-0.9436646699905396
855,-0.7620843052864075
856,-0.2696102559566498
857,0.3846050798892975
858,0.861809253692627
859,0.9139528274536133
860,0.7427033185958862
861,0.05650395527482033
862,-0.5531191229820251
863,-0.8862897157669067
864,-0.8478001356124878
865,-0.4387415051460266
866,0.14077557623386383
867,0.7500581741333008
868,0.9437564611434937
869,0.8110518455505371
870,0.2931792736053467
871,-0.411766916513443
872,-0.8652255535125732
873,-0.9623095989227295
874,-0.6125742793083191
875,-0.033964838832616806
876,0.5731180906295776
877,0.8939306139945984
878,0.8815904259681702
879,0.4798108637332916
880,-0.22638770937919617
881,-0.7355635166168213
882,-0.9463589787483215
883,-0.7638150453567505
884,-0.2384357452392578
885,0.4504640996456146
886,0.8920464515686035
887,0.9610088467597961
888,0.5840357542037964
889,0.07852423936128616
890,-0.5793874263763428
891,-0.9510477781295776
892,-0.8782382011413574
893,-0.4363858699798584
894,0.2737560570240021
895,0.7564993500709534
896,0.9636759161949158
897,0.686679482460022
898,0.2327873259782791
899,-0.4549415111541748
900,-0.9061891436576843
901,-0.9209672808647156
902,-0.6203784346580505
903,0.0365416519343853
904,0.64656001329422
905,0.8922427892684937
906,0.8600175380706787
907,0.35565385222435
908,-0.23767301440238953
909,-0.7445375919342041
910,-1.0109754800796509
911,-0.6889082193374634
912,-0.19917228817939758
913,0.41149309277534485
914,0.8844534754753113
915,0.9637140035629272
916,0.5378432273864746
917,-0.03626060485839844
918,-0.6778926253318787
919,-0.9224082231521606
920,-0.8557193279266357
921,-0.3976028561592102
922,0.2908174991607666
923,0.7521304488182068
924,0.9633343815803528
925,0.7869722247123718
926,0.1628703773021698
927,-0.4315578043460846
928,-0.8989025354385376
929,-0.9619585275650024
930,-0.5720192790031433
931,0.06180121749639511
932,0.6455022692680359
933,0.9430361986160278
934,0.8297020196914673
935,0.31937509775161743
936,-0.28240811824798584
937,-0.7989797592163086
938,-0.9583979249000549
939,-0.7752289175987244
940,-0.12081793695688248
941,0.494335800409317
942,0.8749535083770752
943,0.9411041140556335
944,0.5711184144020081
945,-0.06954539567232132
946,-0.6587316393852234
947,-0.9496062994003296
948,-0.8200451731681824
949,-0.34560710191726685
950,0.2465803027153015
951,0.8044528365135193
952,0.9932872653007507
953,0.6926583051681519
954,0.14095473289489746
955,-0.4955086410045624
956,-0.9306550621986389
957,-0.8800162672996521
958,-0.5594755411148071
959,0.13647741079330444
960,0.6856346726417542
961,0.9607762694358826
962,0.8544138073921204
963,0.30344530940055847
964,-0.3089097738265991
965,-0.8800998330116272
966,-0.9843031167984009
967,-0.7190262079238892
968,-0.10494206845760345
969,0.529776394367218
970,0.90870201587677
971,0.9503552913665771
972,0.47297045588493347
973,-0.16374661028385162
974,-0.6938927173614502
975,-0.9621605277061462
976,-0.8075753450393677
977,-0.2908092439174652
978,0.42595112323760986
979,0.8231271505355835
980,0.9619446396827698
981,0.647371232509613
982,0.09971030801534653
983,-0.5554186701774597
984,-0.9206082820892334
985,-0.896595299243927
986,-0.49851614236831665
987,0.13329827785491943
988,0.7085003852844238
989,1.0611927509307861
990,0.8439802527427673
991,0.29515329003334045
992,-0.3924196660518646
993,-0.8805539011955261
994,-0.9940322041511536
995,-0.6713128089904785
996,-0.1215353012084961
997,0.5825434327125549
998,0.9503867030143738
999,0.9260636568069458
1000,0.47662901878356934
1001,-0.15766017138957977
1002,-0.7572141885757446
1003,-0.9748605489730835
1004,-0.8797516226768494
1005,-0.28813058137893677
1006,0.45629236102104187
1007,0.8500649929046631
1008,0.9714312553405762
1009,0.6642908453941345
1010,-0.0023708927910774946
1011,-0.5840370059013367
1012,-1.012996792793274
1013,-0.9667571187019348
1014,-0.48981931805610657
1015,0.15704010426998138
1016,0.7719522714614868
1017,0.9898670315742493
1018,0.7977185845375061
1019,0.19955025613307953
1020,-0.35168004035949707
1021,-0.9019498825073242
1022,-0.977494478225708
1023,-0.6116093397140503
1024,-0.007727992720901966
1025,0.6054905652999878
1026,0.9778417348861694
1027,0.92579185962677
1028,0.44708746671676636
1029,-0.20319923758506775
1030,-0.8056014180183411
1031,-1.0234413146972656
1032,-0.7131438851356506
1033,-0.2146240472793579
1034,0.4634653925895691
1035,0.9306624531745911
1036,1.0119293928146362
1037,0.5643543004989624
1038,-0.039291154593229294
1039,-0.6568260788917542
1040,-0.989548921585083
1041,-0.9597265124320984
1042,-0.4081425964832306
1043,0.16748225688934326
1044,0.8110255599021912
1045,1.0140401124954224
1046,0.7739289402961731
1047,0.1463494449853897
1048,-0.4423791468143463
1049,-0.943924069404602
1050,-0.9992876052856445
1051,-0.6144498586654663
1052,0.023262711241841316
1053,0.6659641861915588
1054,1.0076006650924683
1055,0.8107225298881531
1056,0.36525383591651917
1057,-0.2509649693965912
1058,-0.8094090223312378
1059,-0.9801050424575806
1060,-0.7837685942649841
1061,-0.12987041473388672
1062,0.44411101937294006
1063,0.9308001399040222
1064,0.9940857291221619
1065,0.6198204755783081
1066,-0.05790593475103378
1067,-0.6511430144309998
1068,-1.0027598142623901
1069,-0.8742100596427917
1070,-0.322982519865036
1071,0.30045202374458313
1072,0.823051929473877
1073,0.9482569098472595
1074,0.7244230508804321
1075,0.15311762690544128
1076,-0.5345974564552307
1077,-0.946246325969696
1078,-0.8954869508743286
1079,-0.536030113697052
1080,0.08862418681383133
1081,0.6588422656059265
1082,0.9659134745597839
1083,0.8367758393287659
1084,0.3750675916671753
1085,-0.34073564410209656
1086,-0.7832739949226379
1087,-1.0123578310012817
1088,-0.7109280228614807
1089,-0.08380582183599472
1090,0.5222384929656982
1091,0.9105876684188843
1092,0.9272210001945496
1093,0.5321053266525269
1094,-0.17245523631572723
1095,-0.714603066444397
1096,-0.9861946702003479
1097,-0.839716374874115
1098,-0.2875381112098694
1099,0.3267050087451935
1100,0.8350241184234619
1101,0.9780794978141785
1102,0.701445996761322
1103,0.0778915211558342
1104,-0.5016353726387024
1105,-0.965700626373291
1106,-0.8795199394226074
1107,-0.521048903465271
1108,0.13938455283641815
1109,0.73103266954422
1110,1.041462779045105
1111,0.8366830348968506
1112,0.2727864682674408
1113,-0.3253818154335022
1114,-0.8598207235336304
1115,-0.9917028546333313
1116,-0.6446549296379089
1117,-0.0572325699031353
1118,0.5923911333084106
1119,0.9234539270401001
1120,0.9152079224586487
1121,0.49050402641296387
1122,-0.1587432622909546
1123,-0.7326721549034119
1124,-0.9961503744125366
1125,-0.7638367414474487
1126,-0.25605010986328125
1127,0.3990234434604645
1128,0.8489074110984802
1129,0.9579470157623291
1130,0.604761004447937
1131,0.03838016465306282
1132,-0.5563773512840271
1133,-0.9371336698532104
1134,-0.8623864054679871
1135,-0.43779662251472473
1136,0.2302478402853012
1137,0.7364823222160339
1138,0.919985830783844
1139,0.7840659022331238
1140,0.23033931851387024
1141,-0.4322625696659088
1142,-0.8444671630859375
1143,-0.9378484487533569
1144,-0.5995824933052063
1145,-0.021821046248078346
1146,0.5996522307395935
1147,0.9460337162017822
1148,0.9246246814727783
1149,0.40202584862709045
1150,-0.21126101911067963
1151,-0.7403066754341125
1152,-1.0133522748947144
1153,-0.7983906269073486
1154,-0.1454547643661499
1155,0.3679790198802948
1156,0.8843678832054138
1157,0.9072189927101135
1158,0.5664921998977661
1159,-0.07122419774532318
1160,-0.6339791417121887
1161,-0.9118627309799194
1162,-0.8951332569122314
1163,-0.37976890802383423
1164,0.2412554919719696
1165,0.8194403648376465
1166,0.9384053945541382
1167,0.7665529847145081
1168,0.21231786906719208
1169,-0.44655346870422363
1170,-0.9186567068099976
1171,-0.872981607913971
1172,-0.6062213182449341
1173,0.020700840279459953
1174,0.6454364657402039
1175,0.9643867015838623
1176,0.8091239333152771
1177,0.37156757712364197
1178,-0.25975340604782104
1179,-0.7297213077545166
1180,-0.8671364784240723
1181,-0.7611079216003418
1182,-0.13355086743831635
1183,0.36811769008636475
1184,0.8693692088127136
1185,0.8693622350692749
1186,0.6004855036735535
1187,-0.052548978477716446
1188,-0.6517602205276489
1189,-0.9399431943893433
1190,-0.8317577838897705
1191,-0.341665655374527
1192,0.2665563225746155
1193,0.7897123694419861
1194,0.9767562747001648
1195,0.7041015028953552
1196,0.09990439563989639
1197,-0.5173861980438232
1198,-0.8903234601020813
1199,-0.8542066216468811
1200,-0.5258435606956482
1201,0.05955908074975014
1202,0.643221914768219
1203,0.8751190304756165
1204,0.7593937516212463
1205,0.33738595247268677
1206,-0.29880499839782715
1207,-0.7870799899101257
1208,-0.9079733490943909
1209,-0.6768175363540649
1210,-0.1332416832447052
1211,0.46854159235954285
1212,0.8829963803291321
1213,0.8696494698524475
1214,0.4547174274921417
1215,-0.11006416380405426
1216,-0.6277170777320862
1217,-0.8526771068572998
1218,-0.8060528635978699
1219,-0.2867368757724762
1220,0.29940587282180786
1221,0.8002686500549316
1222,0.9166706800460815
1223,0.6790924072265625
1224,0.1046089231967926
1225,-0.5111680030822754
1226,-0.8768897652626038
1227,-0.8366767168045044
1228,-0.45325472950935364
1229,0.19357022643089294
1230,0.7041971683502197
1231,0.8634344935417175
1232,0.7597050070762634
1233,0.2319163680076599
1234,-0.3732924461364746
1235,-0.7537888884544373
1236,-0.8710919618606567
1237,-0.6412637829780579
1238,-0.016565458849072456
1239,0.47674572467803955
1240,0.8200908303260803
1241,0.8484118580818176
1242,0.4461457133293152
1243,-0.14631730318069458
1244,-0.661299467086792
1245,-0.8804357051849365
1246,-0.7300847172737122
1247,-0.25219014286994934
1248,0.28214484453201294
1249,0.7350050210952759
1250,0.8892669081687927
1251,0.5637625455856323
1252,0.059632450342178345
1253,-0.4790162742137909
1254,-0.8587628602981567
1255,-0.7994044423103333
1256,-0.35158684849739075
1257,0.18137085437774658
1258,0.718550443649292
1259,0.9203684329986572
1260,0.724557638168335
1261,0.21912090480327606
1262,-0.3785886764526367
1263,-0.8063695430755615
1264,-0.8385351896286011
1265,-0.545318067073822
1266,-0.02653471566736698
1267,0.550265371799469
1268,0.8216003179550171
1269,0.819401741027832
1270,0.38947534561157227
1271,-0.17972838878631592
1272,-0.6659300923347473
1273,-0.8632965087890625
1274,-0.6028081774711609
1275,-0.2466556578874588
1276,0.37181559205055237
1277,0.8066976070404053
1278,0.8557921051979065
1279,0.5245426297187805
1280,0.05220362916588783
1281,-0.564301073551178
1282,-0.8692120909690857
1283,-0.7464696168899536
1284,-0.40641409158706665
1285,0.12445937097072601
1286,0.6936572790145874
1287,0.8679593801498413
1288,0.6744440197944641
1289,0.1599615216255188
1290,-0.37301105260849
1291,-0.7933112978935242
1292,-0.7623984813690186
1293,-0.48396754264831543
1294,0.04281681776046753
1295,0.47987034916877747
1296,0.8432328701019287
1297,0.7850382328033447
1298,0.37396255135536194
1299,-0.1882794052362442
1300,-0.66707444190979
1301,-0.8390172123908997
1302,-0.6090467572212219
1303,-0.13989244401454926
1304,0.396392285823822
1305,0.7486982941627502
1306,0.8441184759140015
1307,0.446689635515213
1308,-0.04097163677215576
1309,-0.5605779886245728
1310,-0.7757905125617981
1311,-0.673380434513092
1312,-0.27511388063430786
1313,0.249724343419075
1314,0.6234797239303589
1315,0.8737651109695435
1316,0.6169006824493408
1317,0.12549389898777008
1318,-0.39823436737060547
1319,-0.7604609131813049
1320,-0.7593768835067749
1321,-0.4464610517024994
1322,0.0483727790415287
1323,0.4695532023906708
1324,0.7922316193580627
1325,0.7061232924461365
1326,0.3035258650779724
1327,-0.24569012224674225
1328,-0.6491231918334961
1329,-0.762029767036438
1330,-0.5895761847496033
1331,-0.0627790316939354
1332,0.3485605716705322
1333,0.703455924987793
1334,0.7225860953330994
1335,0.3565675914287567
1336,-0.10714069753885269
1337,-0.5113518238067627
1338,-0.741420328617096
1339,-0.6639485359191895
1340,-0.21183037757873535
1341,0.26117679476737976
1342,0.643626868724823
1343,0.7807307839393616
1344,0.5452702045440674
1345,0.10757384449243546
1346,-0.45938634872436523
1347,-0.7010685205459595
1348,-0.740483820438385
1349,-0.3785501718521118
1350,0.04793122410774231
1351,0.5370600819587708
1352,0.7652925848960876
1353,0.6685727834701538
1354,0.20313969254493713
1355,-0.21572820842266083
1356,-0.6386197209358215
1357,-0.7689778804779053
1358,-0.48670968413352966
1359,-0.061909571290016174
1360,0.4548581540584564
1361,0.7893046140670776
1362,0.72609943151474
1363,0.36296719312667847
1364,-0.12294901907444
1365,-0.5316894054412842
1366,-0.7375612258911133
1367,-0.6408703327178955
1368,-0.23646694421768188
1369,0.2963145971298218
1370,0.7167696356773376
1371,0.6532080769538879
1372,0.5187991261482239
1373,0.03897501155734062
1374,-0.401274174451828
1375,-0.6809819340705872
1376,-0.6772708892822266
1377,-0.3841283917427063
1378,0.08324521034955978
1379,0.4911787807941437
1380,0.7651427388191223
1381,0.5837104916572571
1382,0.17759034037590027
1383,-0.29407432675361633
1384,-0.6785880923271179
1385,-0.7011606097221375
1386,-0.43146148324012756
1387,0.0076617286540567875
1388,0.38096025586128235
1389,0.7342190146446228
1390,0.6312882900238037
1391,0.27153822779655457
1392,-0.17595119774341583
1393,-0.5733693242073059
1394,-0.71004718542099
1395,-0.594936192035675
1396,-0.21715830266475677
1397,0.28600847721099854
1398,0.6869632601737976
1399,0.6667497158050537
1400,0.45905667543411255
1401,0.01099162083119154
1402,-0.3502116799354553
1403,-0.7355145215988159
1404,-0.5963408946990967
1405,-0.3431113064289093
1406,0.1341087818145752
1407,0.5372016429901123
1408,0.7859490513801575
1409,0.5149959921836853
1410,0.09397097676992416
1411,-0.26201415061950684
1412,-0.6441165804862976
1413,-0.6720483899116516
1414,-0.42019835114479065
1415,0.011259087361395359
1416,0.4256216585636139
1417,0.6708654165267944
1418,0.6155186891555786
1419,0.30656203627586365
1420,-0.1763940453529358
1421,-0.5570820569992065
1422,-0.7020334601402283
1423,-0.4940277338027954
1424,-0.13159999251365662
1425,0.3233116567134857
1426,0.6236789226531982
1427,0.691772997379303
1428,0.40036535263061523
1429,-0.0017286132788285613
1430,-0.4663456380367279
1431,-0.6785837411880493
1432,-0.587735116481781
1433,-0.2943151593208313
1434,0.19482509791851044
1435,0.4879727363586426
1436,0.6512453556060791
1437,0.4120810627937317
1438,0.07747678458690643
1439,-0.3214584290981293
1440,-0.602850615978241
1441,-0.6709595322608948
1442,-0.36592939496040344
1443,0.06847245991230011
1444,0.44804972410202026
1445,0.6089014410972595
1446,0.535119354724884
1447,0.1997479945421219
1448,-0.16465634107589722
1449,-0.4769256114959717
1450,-0.6434211730957031
1451,-0.510942280292511
1452,-0.08590895682573318
1453,0.33589163422584534
1454,0.4999716579914093
1455,0.5970311164855957
1456,0.4096248149871826
1457,-0.028484070673584938
1458,-0.40924307703971863
1459,-0.5982905030250549
1460,-0.49518662691116333
1461,-0.24180513620376587
1462,0.16644816100597382
1463,0.5235253572463989
1464,0.5849900245666504
1465,0.442196249961853
1466,0.016740530729293823
1467,-0.2941035032272339
1468,-0.5418515801429749
1469,-0.5669775009155273
1470,-0.31578394770622253
1471,0.11452893912792206
1472,0.38927021622657776
1473,0.5639368891716003
1474,0.46856367588043213
1475,0.17982269823551178
1476,-0.2292451560497284
1477,-0.5002707839012146
1478,-0.6025162935256958
1479,-0.45265331864356995
1480,-0.10378537327051163
1481,0.3542059361934662
1482,0.5499522686004639
1483,0.5366924405097961
1484,0.29811859130859375
1485,-0.08009900152683258
1486,-0.3939744532108307
1487,-0.5547968149185181
1488,-0.4935097396373749
1489,-0.19707362353801727
1490,0.17225907742977142
1491,0.4529462158679962
1492,0.6021186113357544
1493,0.3568124771118164
1494,-0.0191443283110857
1495,-0.3430284857749939
1496,-0.5596259832382202
1497,-0.5087388753890991
1498,-0.3011455535888672
1499,0.10429134964942932
1500,0.4221380949020386
1501,0.589432954788208
1502,0.5154509544372559
1503,0.2384898066520691
1504,-0.16914215683937073
1505,-0.5134397149085999
1506,-0.5489353537559509
1507,-0.3524623215198517
1508,0.035460300743579865
1509,0.3367718458175659
1510,0.5552999973297119
1511,0.48851364850997925
1512,0.27021324634552
1513,-0.07621971517801285
1514,-0.41697102785110474
1515,-0.5073785781860352
1516,-0.393195241689682
1517,-0.1393185555934906
1518,0.24388843774795532
1519,0.5153864622116089
1520,0.5153281688690186
1521,0.3360014855861664
1522,0.0034810081124305725
1523,-0.3327159881591797
1524,-0.49707603454589844
1525,-0.48123854398727417
1526,-0.24054701626300812
1527,0.08297301828861237
1528,0.3490242063999176
1529,0.48143577575683594
1530,0.4103948175907135
1531,0.08154196292161942
1532,-0.23534931242465973
1533,-0.4031756520271301
1534,-0.45592737197875977
1535,-0.33347198367118835
1536,0.01810138300061226
1537,0.29124292731285095
1538,0.5325608253479004
1539,0.42659443616867065
1540,0.21311229467391968
1541,-0.07194588333368301
1542,-0.41084328293800354
1543,-0.4489341974258423
1544,-0.4006493389606476
1545,-0.09331114590167999
1546,0.20852072536945343
1547,0.43553730845451355
1548,0.47084179520606995
1549,0.287751168012619
1550,-0.04223525896668434
1551,-0.28036174178123474
1552,-0.44357478618621826
1553,-0.38095608353614807
1554,-0.14941734075546265
1555,0.07939331233501434
1556,0.4146077334880829
1557,0.5052602291107178
1558,0.3362205922603607
1559,0.11597621440887451
1560,-0.17376284301280975
1561,-0.43943706154823303
1562,-0.4837283492088318
1563,-0.27876678109169006
1564,0.10615281760692596
1565,0.30809298157691956
1566,0.40978339314460754
1567,0.3878253102302551
1568,0.14231793582439423
1569,-0.13683752715587616
1570,-0.36241739988327026
1571,-0.5212534666061401
1572,-0.3179614841938019
1573,-0.02780594862997532
1574,0.21128405630588531
1575,0.3962686359882355
1576,0.45158651471138
1577,0.20871663093566895
1578,-0.06934627890586853
1579,-0.33645522594451904
1580,-0.43158718943595886
1581,-0.35970190167427063
1582,-0.15693125128746033
1583,0.1454434096813202
1584,0.37868013978004456
1585,0.4372778832912445
1586,0.28168195486068726
1587,0.048603907227516174
1588,-0.17816534638404846
1589,-0.4230976700782776
1590,-0.4029563069343567
1591,-0.2387494295835495
1592,0.03511212393641472
1593,0.2553441524505615
1594,0.3667566776275635
1595,0.4247240424156189
1596,0.16559378802776337
1597,-0.1533883959054947
1598,-0.343334823846817
1599,-0.38002869486808777
1600,-0.29405704140663147
1601,-0.025568386539816856
1602,0.19461603462696075
1603,0.36443260312080383
1604,0.36961981654167175
1605,0.1928420215845108
1606,-0.1216026246547699
1607,-0.27905237674713135
1608,-0.37955084443092346
1609,-0.3107590973377228
1610,-0.15098942816257477
1611,0.14439505338668823
1612,0.33523494005203247
1613,0.3252662420272827
1614,0.19618353247642517
1615,0.04679619520902634
1616,-0.23826196789741516
1617,-0.3282322883605957
1618,-0.2850661277770996
1619,-0.20523986220359802
1620,0.03381292149424553
1621,0.27066609263420105
1622,0.3876740336418152
1623,0.2685089707374573
1624,0.14345481991767883
1625,-0.10542044043540955
1626,-0.2955884635448456
1627,-0.37265297770500183
1628,-0.21398262679576874
1629,0.0037576407194137573
1630,0.16931882500648499
1631,0.40380820631980896
1632,0.3177490830421448
1633,0.18091078102588654
1634,-0.07569047808647156
1635,-0.25011998414993286
1636,-0.3126072883605957
1637,-0.30493712425231934
1638,-0.14165407419204712
1639,0.12181679159402847
1640,0.26242920756340027
1641,0.3120269179344177
1642,0.21768562495708466
1643,0.010502543300390244
1644,-0.16154055297374725
1645,-0.3541210889816284
1646,-0.2941097319126129
1647,-0.16805095970630646
1648,0.10540814697742462
1649,0.3275326192378998
1650,0.33651310205459595
1651,0.3097233474254608
1652,0.06297267973423004
1653,-0.18256989121437073
1654,-0.325515478849411
1655,-0.36075377464294434
1656,-0.23094746470451355
1657,-0.011102352291345596
1658,0.22893942892551422
1659,0.32709378004074097
1660,0.29703056812286377
1661,0.12403278052806854
1662,-0.08965397626161575
1663,-0.24019066989421844
1664,-0.30337682366371155
1665,-0.2312905341386795
1666,-0.05560879781842232
1667,0.12948885560035706
1668,0.2151346653699875
1669,0.2588602900505066
1670,0.15921124815940857
1671,0.04724951833486557
1672,-0.20074735581874847
1673,-0.2681901752948761
1674,-0.2181764394044876
1675,-0.11161264032125473
1676,0.058836985379457474
1677,0.2214002013206482
1678,0.25710204243659973
1679,0.2283950001001358
1680,0.08945942670106888
1681,-0.11356064677238464
1682,-0.23495805263519287
1683,-0.2501290738582611
1684,-0.10641210526227951
1685,-0.008775285445153713
1686,0.1855289340019226
1687,0.29194626212120056
1688,0.27912187576293945
1689,0.03461122512817383
1690,-0.08803774416446686
1691,-0.2250518947839737
1692,-0.29916495084762573
1693,-0.17479005455970764
1694,-0.038887251168489456
1695,0.115660659968853
1696,0.19412440061569214
1697,0.21175728738307953
1698,0.12042801082134247
1699,-0.0022460869513452053
1700,-0.20970091223716736
1701,-0.3152776062488556
1702,-0.2655452787876129
1703,-0.11198997497558594
1704,0.12347792088985443
1705,0.2821192145347595
1706,0.23466035723686218
1707,0.21034441888332367
1708,0.0782972127199173
1709,-0.08523499220609665
1710,-0.23160408437252045
1711,-0.27087268233299255
1712,-0.14901326596736908
1713,-0.0352221354842186
1714,0.1721145659685135
1715,0.25907739996910095
1716,0.14615851640701294
1717,0.08043111115694046
1718,-0.06463310867547989
1719,-0.15758271515369415
1720,-0.1889401078224182
1721,-0.1406656801700592
1722,-0.048613157123327255
1723,0.10831525921821594
1724,0.24915829300880432
1725,0.19455844163894653
1726,0.11840730160474777
1727,0.02230932004749775
1728,-0.15253253281116486
1729,-0.25976237654685974
1730,-0.19354985654354095
1731,-0.05151982977986336
1732,0.06708011031150818
1733,0.2177128940820694
1734,0.2503979802131653
1735,0.12873172760009766
1736,0.005575115792453289
1737,-0.11752865463495255
1738,-0.23406162858009338
1739,-0.1829647272825241
1740,-0.11133526265621185
1741,0.05111893266439438
1742,0.12943033874034882
1743,0.17519427835941315
1744,0.22234340012073517
1745,0.03398296982049942
1746,-0.08906062692403793
1747,-0.19254310429096222
1748,-0.20321814715862274
1749,-0.1601887196302414
1750,-0.015604255720973015
1751,0.08779051899909973
1752,0.17060451209545135
1753,0.18743465840816498
1754,0.11417622119188309
1755,-0.015815114602446556
1756,-0.16030195355415344
1757,-0.1730860024690628
1758,-0.15417908132076263
1759,-0.05415056645870209
1760,0.017895005643367767
1761,0.17836008965969086
1762,0.17259366810321808
1763,0.16926172375679016
1764,0.02789166010916233
1765,-0.1365395188331604
1766,-0.2095727175474167
1767,-0.12500353157520294
1768,-0.10752035677433014
1769,0.05188097432255745
1770,0.11977718025445938
1771,0.2319476455450058
1772,0.13718281686306
1773,0.08794733881950378
1774,-0.027047373354434967
1775,-0.15973441302776337
1776,-0.16988059878349304
1777,-0.05968150869011879
1778,-0.003738132771104574
1779,0.07096854597330093
1780,0.1903764009475708
1781,0.22083336114883423
1782,0.06965316832065582
1783,0.010372850112617016
1784,-0.12344234436750412
1785,-0.1117095798254013
1786,-0.12621362507343292
1787,0.006030354183167219
1788,0.08140682429075241
1789,0.12928132712841034
1790,0.15235765278339386
1791,0.07657186686992645
1792,-0.032477688044309616
1793,-0.1205599308013916
1794,-0.1401158720254898
1795,-0.15807054936885834
1796,-0.045565132051706314
1797,0.04999541491270065
1798,0.1254938244819641
1799,0.12488589435815811
1800,0.1094125285744667
1801,0.029271969571709633
1802,-0.019006771966814995
1803,-0.1439000815153122
1804,-0.13833560049533844
1805,-0.08476254343986511
1806,0.000941316073294729
1807,0.06301956623792648
1808,0.10932711511850357
1809,0.14580753445625305
1810,0.03421252593398094
1811,-0.002381220692768693
1812,-0.0368497408926487
1813,-0.08296080678701401
1814,-0.14490686357021332
1815,0.0030991120729595423
1816,0.07329460233449936
1817,0.1283126175403595
1818,0.06754203885793686
1819,0.09375327825546265
1820,-0.036291953176259995
1821,-0.03560980036854744
1822,-0.07864736020565033
1823,-0.02096465975046158
1824,-0.052678342908620834
1825,-0.012663654051721096
1826,0.12393160164356232
1827,0.13770171999931335
1828,0.07104004174470901
1829,0.05987559258937836
1830,-0.030096029862761497
1831,-0.13511084020137787
1832,-0.1091301217675209
1833,-0.0703723356127739
1834,0.006161289755254984
1835,0.07716759294271469
1836,0.08113454282283783
1837,0.0826042890548706
1838,0.05531591922044754
1839,-0.030115913599729538
1840,-0.08740878850221634
1841,-0.1036238968372345
1842,-0.07054014503955841
1843,-0.06842008978128433
1844,0.05493810027837753
1845,0.05819205939769745
1846,0.09252569079399109
1847,0.007427031174302101
1848,0.020619891583919525
1849,-0.05360553041100502
1850,-0.12672042846679688
1851,-0.06580747663974762
1852,-0.05026061087846756
1853,0.08385983854532242
1854,0.08853882551193237
1855,0.061758119612932205
1856,0.06763391196727753
1857,0.009987949393689632
1858,-0.005946004763245583
1859,-0.06395580619573593
1860,-0.058117128908634186
1861,-0.07322317361831665
1862,0.035333096981048584
1863,0.12037015706300735
1864,0.09755939245223999
1865,0.06452633440494537
1866,0.03051081858575344
1867,-0.05250043421983719
1868,-0.05551943555474281
1869,-0.10305845737457275
1870,-0.04629005864262581
1871,-0.01571844331920147
1872,0.016235165297985077
1873,0.08584152907133102
1874,0.021599657833576202
1875,0.03512663021683693
1876,-0.04757096618413925
1877,0.008227246813476086
1878,-0.00426933029666543
1879,-0.026138868182897568
1880,0.04034740477800369
1881,0.04345807433128357
1882,0.0729587972164154
1883,0.050540950149297714
1884,0.016349926590919495
1885,0.009599742479622364
1886,-0.04846540838479996
1887,-0.067856065928936
1888,-0.030024288222193718
1889,-0.029603224247694016
1890,-0.03507343307137489
1891,0.037632547318935394
1892,0.034547109156847
1893,0.03757243603467941
1894,-0.016530444845557213
1895,0.016908962279558182
1896,0.0125174755230546
1897,-0.08258894085884094
1898,-0.012164957821369171
1899,0.01800926961004734
1900,-0.0004941198276355863
1901,0.052701547741889954
1902,0.08878495544195175
1903,0.04944687336683273
1904,0.04122332111001015
1905,-0.06900861114263535
1906,-0.06663459539413452
1907,-0.02561226673424244
1908,0.001539527322165668
1909,0.020905649289488792
1910,0.02904496341943741
1911,0.03140495717525482
1912,0.01030035875737667
1913,0.015700405463576317
1914,-0.10643888264894485
1915,0.010213485918939114
1916,-0.050301894545555115
1917,-0.05858699604868889
1918,0.026338715106248856
1919,-0.010912945494055748
1920,0.05056847259402275
1921,0.018224673345685005
1922,0.02710045501589775
1923,0.009370249696075916
1924,0.00836155191063881
1925,-0.047251276671886444
1926,-0.028415881097316742
1927,0.0013074431335553527
1928,-0.02027740329504013
1929,0.050745002925395966
1930,0.03355329483747482
1931,-0.025980116799473763
1932,0.029984233900904655
1933,0.01801140420138836
1934,-0.06814505159854889
1935,-0.004100021906197071
1936,0.0330229252576828
1937,0.039296023547649384
1938,-0.003003849880769849
1939,-0.014533080160617828
1940,0.013500194996595383
1941,-0.014822429977357388
1942,-0.01604425720870495
1943,-0.026926955208182335
1944,-0.005054671783000231
1945,-0.025433430448174477
1946,0.002447066828608513
1947,0.10891198366880417
1948,0.01989760994911194
1949,0.039807192981243134
1950,0.013287744484841824
1951,-0.0029967650771141052
1952,-0.04602460935711861
1953,-0.0032218319829553366
1954,-0.012397588230669498
1955,0.026524554938077927
1956,0.0753212571144104
1957,0.025012921541929245
1958,0.03972169756889343
1959,-0.023237423971295357
1960,-0.000911954150069505
1961,0.03297992795705795
1962,-0.017963925376534462
1963,-0.03051764704287052
1964,0.004520082846283913
1965,0.0030823328997939825
1966,0.007811179384589195
1967,0.003798985853791237
1968,0.06840193271636963
1969,-0.026682179421186447
1970,-0.02130402997136116
1971,-0.02986719086766243
1972,0.026549307629466057
1973,-0.012183893471956253
1974,0.04370463639497757
1975,0.01584004983305931
1976,0.011717322282493114
1977,-0.03494754061102867
1978,0.03835253790020943
1979,0.011177245527505875
1980,0.0028698821552097797
1981,-0.012554188258945942
1982,-0.017170479521155357
1983,-0.03634665533900261
1984,0.03559776768088341
1985,0.01767544262111187
1986,-0.0027552118990570307
1987,-0.015524689108133316
1988,0.0013623445993289351
1989,-0.008817808702588081
1990,0.04234752058982849
1991,0.01870960183441639
1992,-0.01793854683637619
1993,-0.028788931667804718
1994,-0.00016518776828888804
1995,-0.02074412629008293
1996,0.006075427867472172
1997,0.011990775354206562
1998,0.01567094214260578
1999,0.007775759790092707
2000,-0.009324789047241211
2001,0.01723811961710453
2002,-0.02421359159052372
2003,0.0023490535095334053
2004,0.029460234567523003
2005,0.012265084311366081
2006,-0.03702686354517937
2007,-0.03594888374209404
2008,-0.05102402716875076
2009,0.05183732509613037
2010,-0.047193948179483414
2011,-0.002756524831056595
2012,0.05815323069691658
2013,0.035964664071798325
2014,0.04255972430109978
2015,-0.013337340205907822
2016,0.022278092801570892
2017,0.09048966318368912
2018,-0.0020532833877950907
2019,0.012181713245809078
2020,-0.008532085455954075
2021,0.0015560111496597528
2022,0.013658864423632622
2023,0.0438876748085022
2024,-0.025377122685313225
2025,-0.04201023653149605
2026,0.0010466314852237701
2027,0.006289668381214142
2028,0.04273394122719765
2029,0.022418560460209846
2030,-0.017367422580718994
2031,0.018629858270287514
2032,0.035098958760499954
2033,0.009980041533708572
2034,-0.009087959304451942
2035,0.02119063399732113
2036,-0.009831066243350506
2037,-0.055145010352134705
2038,0.04091760888695717
2039,-0.037599414587020874
2040,-0.00890822522342205
2041,-0.008370176889002323
2042,-0.009004008024930954
2043,-0.007545397616922855
2044,-0.042248185724020004
2045,0.01671285554766655
2046,0.001747443457134068
2047,0.002086288295686245
2048,0.00567160127684474
2049,-0.01568002626299858
2050,-0.012374944053590298
2051,-0.07319901883602142
2052,0.054064035415649414
2053,0.03440149873495102
2054,-0.009728084318339825
2055,0.02315610647201538
2056,0.008254059590399265
2057,-0.01691189780831337
2058,0.028971876949071884
2059,-0.009637967683374882
2060,-0.010055613704025745
2061,-0.02375953271985054
2062,0.013857400976121426
2063,-0.0026171915233135223
2064,0.016773099079728127
2065,-0.017842018976807594
2066,0.004078259225934744
2067,-0.026594772934913635
2068,0.025369755923748016
2069,0.005788173992186785
2070,0.010121887549757957
2071,0.012541422620415688
2072,-0.030191736295819283
2073,0.02336692065000534
2074,0.061169371008872986
2075,-0.05013374239206314
2076,-0.053204383701086044
2077,-0.04654528573155403
2078,0.024126086384058
2079,0.0033787947613745928
2080,0.03272736445069313
2081,0.02291981875896454
2082,0.00821000151336193
2083,0.01066321786493063
2084,-0.0031490072142332792
2085,0.027439376339316368
2086,-0.033236321061849594
2087,-0.012694252654910088
2088,0.006734446156769991
2089,0.05316760390996933
2090,-0.024046527221798897
2091,-0.03380809724330902
2092,-0.018865088000893593
2093,0.026409953832626343
2094,-0.010351070202887058
2095,0.036269523203372955
2096,-0.05889591574668884
2097,0.03303365036845207
2098,0.03318053483963013
2099,-0.0369526743888855
2100,0.01328092161566019
2101,0.04672960564494133
2102,0.01210474781692028
2103,0.035940203815698624
2104,0.07136467099189758
2105,0.001395598636008799
2106,-0.021532392129302025
2107,-0.04006819427013397
2108,0.0025516003370285034
2109,-0.018442457541823387
2110,-0.009982668794691563
2111,0.0019079945050179958
2112,0.033577773720026016
2113,-0.011964119039475918
2114,-0.0246665570884943
2115,-0.05574776232242584
2116,0.045082978904247284
2117,0.0011342247016727924
2118,0.03463415428996086
2119,-0.0174771286547184
2120,-0.04145411401987076
2121,-0.002106392988935113
2122,-0.012430223636329174
2123,-0.039946626871824265
2124,-0.021848274394869804
2125,0.062161561101675034
2126,0.02091239206492901
2127,0.020978763699531555
2128,-0.0031950315460562706
2129,-0.018885336816310883
2130,0.026729945093393326
2131,-0.002951223636046052
2132,-0.020780857652425766
2133,0.00014155710232444108
2134,-0.02196720615029335
2135,0.009651756845414639
2136,0.03400948643684387
2137,-0.03055565059185028
2138,0.03162235766649246
2139,-0.035230766981840134
2140,-0.011194474063813686
2141,-0.0374748632311821
2142,-0.01220516487956047
2143,0.004521047696471214
2144,-0.001703757094219327
2145,-0.003960316069424152
2146,-0.0011493619531393051
2147,-0.007286361884325743
2148,-0.034612275660037994
2149,-0.0017618349520489573
2150,0.011845309287309647
2151,0.021840453147888184
2152,0.010157737880945206
2153,0.061632703989744186
2154,-0.004934691824018955
2155,-0.030430763959884644
2156,0.037785761058330536
2157,-0.04956524446606636
2158,0.01450892724096775
2159,-0.03506716713309288
2160,0.016797885298728943
2161,-0.03763522207736969
2162,0.062836654484272
2163,0.040395040065050125
2164,0.0162650216370821
2165,0.08452217280864716
2166,0.035504065454006195
2167,-0.014189350418746471
2168,-0.06595524400472641
2169,-0.06536519527435303
2170,-0.07562725245952606
2171,-0.03871091827750206
2172,-0.010691344738006592
2173,-0.018997136503458023
2174,0.02132130227982998
2175,0.05025918409228325
2176,0.038333646953105927
2177,0.05450182408094406
2178,0.04559178650379181
2179,0.034393563866615295
2180,0.017065007239580154
2181,-0.07512404769659042
2182,-0.0479913130402565
2183,-0.07448481768369675
2184,0.01890626922249794
2185,-0.01902630925178528
2186,0.023151930421590805
2187,-0.0016480666818097234
2188,0.00909690372645855
2189,0.035158418118953705
2190,0.005806535016745329
2191,0.014607041142880917
2192,-0.051943689584732056
2193,0.01338902860879898
2194,-0.02710377611219883
2195,0.06228284165263176
2196,0.011675277724862099
2197,0.05662655085325241
2198,-0.024289464578032494
2199,0.015033134259283543
2200,-0.045272886753082275
2201,-0.05320676416158676
2202,-0.05043395608663559
2203,-0.06116108596324921
2204,-0.03088076412677765
2205,0.007064377423375845
2206,0.032437764108181
2207,0.03609693422913551
2208,0.01506010815501213
2209,0.03679845109581947
2210,0.04758589342236519
2211,-0.027202000841498375
2212,0.03723703697323799
2213,-0.014179735444486141
2214,-0.0325147919356823
2215,-0.009265581145882607
2216,-0.02536833845078945
2217,-0.04237939044833183
2218,-0.07913809269666672
2219,-0.035759735852479935
2220,-0.024843977764248848
2221,-0.04427064582705498
2222,0.03920663148164749
2223,0.05463659018278122
2224,0.012096826918423176
2225,0.09883768111467361
2226,0.06491580605506897
2227,0.12219605594873428
2228,0.07412707060575485
2229,-0.03924241289496422
2230,-0.09486706554889679
2231,-0.11825776100158691
2232,-0.1574224829673767
2233,-0.09948242455720901
2234,-0.08248462527990341
2235,-0.04520541802048683
2236,0.059978876262903214
2237,0.05254082754254341
2238,0.16677510738372803
2239,0.18908442556858063
2240,0.123785100877285
2241,0.04388692229986191
2242,0.0057145063765347
2243,-0.02102956734597683
2244,-0.1168665960431099
2245,-0.16515471041202545
2246,-0.06296680867671967
2247,-0.11433824151754379
2248,0.012269694358110428
2249,0.024878403171896935
2250,0.09350632131099701
2251,0.03785459324717522
2252,0.08061033487319946
2253,0.01903395913541317
2254,-0.06736423820257187
2255,-0.0844431146979332
2256,-0.024696988984942436
2257,0.04895767942070961
2258,0.043806057423353195
2259,0.06310069561004639
2260,0.05545919016003609
2261,0.06213279440999031
2262,0.008844788186252117
2263,-0.0449991412460804
2264,-0.1270299106836319
2265,-0.08481783419847488
2266,-0.07284627854824066
2267,-0.11632230132818222
2268,0.04942474514245987
2269,0.06638222932815552
2270,0.08489780873060226
2271,0.07464621961116791
2272,0.15459005534648895
2273,0.12686657905578613
2274,0.04758623614907265
2275,-0.04137968644499779
2276,-0.004038233309984207
2277,-0.09416017681360245
2278,-0.11415315419435501
2279,-0.02304178476333618
2280,-0.040319059044122696
2281,-0.06114424020051956
2282,-0.08004677295684814
2283,-0.014376566745340824
2284,-0.0604831799864769
2285,0.06026587262749672
2286,0.08478570729494095
2287,0.1109325960278511
2288,0.12308473140001297
2289,0.17563968896865845
2290,0.11493528634309769
2291,0.03643954545259476
2292,-0.042498283088207245
2293,-0.1892346292734146
2294,-0.2688400149345398
2295,-0.3043201267719269
2296,-0.22211910784244537
2297,-0.09745917469263077
2298,-0.00027854269137606025
2299,0.15030884742736816
2300,0.19260118901729584
2301,0.2557682394981384
2302,0.22279736399650574
2303,0.12551739811897278
2304,0.10030711442232132
2305,-0.05161787196993828
2306,-0.19282957911491394
2307,-0.23424631357192993
2308,-0.19609008729457855
2309,-0.17312683165073395
2310,-0.028429122641682625
2311,0.002968517364934087
2312,0.08426317572593689
2313,0.07577591389417648
2314,0.063540019094944
2315,-0.013965844176709652
2316,-0.07291988283395767
2317,-0.08390714973211288
2318,-0.06916503608226776
2319,-0.017335789278149605
2320,0.05303264781832695
2321,0.15194667875766754
2322,0.1577228158712387
2323,0.10963089764118195
2324,0.07826700806617737
2325,-0.05540933459997177
2326,-0.08756940811872482
2327,-0.18686966598033905
2328,-0.268979012966156
2329,-0.17281268537044525
2330,-0.08640493452548981
2331,-0.07585404068231583
2332,0.09958527982234955
2333,0.19753685593605042
2334,0.19492855668067932
2335,0.2055509239435196
2336,0.14464274048805237
2337,0.09284459799528122
2338,-0.016430659219622612
2339,-0.03567647561430931
2340,-0.18650145828723907
2341,-0.16586029529571533
2342,-0.19188886880874634
2343,-0.1551176756620407
2344,-0.15025876462459564
2345,-0.11443843692541122
2346,-0.014994267374277115
2347,0.09974292665719986
2348,0.19201995432376862
2349,0.220291867852211
2350,0.2521011233329773
2351,0.21066753566265106
2352,0.23448224365711212
2353,0.13478268682956696
2354,-0.04992496222257614
2355,-0.17377597093582153
2356,-0.318246066570282
2357,-0.30614858865737915
2358,-0.3239768147468567
2359,-0.24558576941490173
2360,-0.07518734037876129
2361,0.10738658905029297
2362,0.24462638795375824
2363,0.32183992862701416
2364,0.33531060814857483
2365,0.2457493543624878
2366,0.16670610010623932
2367,0.04562656581401825
2368,-0.22713637351989746
2369,-0.2683601379394531
2370,-0.27611368894577026
2371,-0.25666823983192444
2372,-0.10835719853639603
2373,-0.023048153147101402
2374,0.14185413718223572
2375,0.1281248927116394
2376,0.12683196365833282
2377,0.07598511129617691
2378,-0.03994903713464737
2379,-0.14115555584430695
2380,-0.11422348022460938
2381,-0.02843499183654785
2382,0.03678467869758606
2383,0.1483277678489685
2384,0.18316523730754852
2385,0.2330785095691681
2386,0.1883174628019333
2387,0.03965497389435768
2388,-0.06519736349582672
2389,-0.27703097462654114
2390,-0.3927384316921234
2391,-0.41276997327804565
2392,-0.23849791288375854
2393,-0.11027717590332031
2394,0.11854780465364456
2395,0.2808714509010315
2396,0.43267548084259033
2397,0.4497262239456177
2398,0.33644673228263855
2399,0.22047168016433716
2400,0.0736803412437439
2401,-0.16216863691806793
2402,-0.2087128460407257
2403,-0.28394263982772827
2404,-0.29620492458343506
2405,-0.28448402881622314
2406,-0.18701742589473724
2407,-0.13026116788387299
2408,0.007174801547080278
2409,0.08406241983175278
2410,0.18922244012355804
2411,0.23992466926574707
2412,0.3062019646167755
2413,0.3393539488315582
2414,0.2231525331735611
2415,0.1955593228340149
2416,-0.033398088067770004
2417,-0.20581984519958496
2418,-0.3041994571685791
2419,-0.41314080357551575
2420,-0.43197256326675415
2421,-0.42843136191368103
2422,-0.22337007522583008
2423,-0.0015219132183119655
2424,0.25641560554504395
2425,0.3911888003349304
2426,0.4914669394493103
2427,0.41202956438064575
2428,0.2961278557777405
2429,0.08278688043355942
2430,-0.09714561700820923
2431,-0.31303325295448303
2432,-0.38271909952163696
2433,-0.3111848831176758
2434,-0.16114771366119385
2435,-0.049203597009181976
2436,0.08945760130882263
2437,0.15253719687461853
2438,0.19756574928760529
2439,0.11056902259588242
2440,0.0380130335688591
2441,-0.10158345848321915
2442,-0.1817922592163086
2443,-0.13209840655326843
2444,-0.031828124076128006
2445,0.11227903515100479
2446,0.32517141103744507
2447,0.38004234433174133
2448,0.28238123655319214
2449,0.22789277136325836
2450,-0.04055082052946091
2451,-0.31712302565574646
2452,-0.46617555618286133
2453,-0.5593845248222351
2454,-0.5206267237663269
2455,-0.3655302822589874
2456,-0.03136430308222771
2457,0.2661055624485016
2458,0.4113415777683258
2459,0.6214107275009155
2460,0.5988186001777649
2461,0.41298240423202515
2462,0.19177159667015076
2463,-0.08330490440130234
2464,-0.32715532183647156
2465,-0.4588787853717804
2466,-0.45254063606262207
2467,-0.4866828918457031
2468,-0.3166709244251251
2469,-0.1634807288646698
2470,-0.031850822269916534
2471,0.11573370546102524
2472,0.19636274874210358
2473,0.288760781288147
2474,0.35636767745018005
2475,0.37004849314689636
2476,0.2942762076854706
2477,0.3245132267475128
2478,0.07801797986030579
2479,-0.0757865235209465
2480,-0.2713090777397156
2481,-0.4326454997062683
2482,-0.4682143032550812
2483,-0.507368266582489
2484,-0.3285876512527466
2485,-0.11911308020353317
2486,0.07520045340061188
2487,0.3797810971736908
2488,0.4917449951171875
2489,0.6334021091461182
2490,0.44699522852897644
2491,0.23133839666843414
2492,-0.04675151780247688
2493,-0.2577308118343353
2494,-0.38488060235977173
2495,-0.4301128089427948
2496,-0.35617220401763916
2497,-0.1833404004573822
2498,0.004470584448426962
2499,0.18248704075813293
2500,0.12983208894729614
2501,0.11203152686357498
2502,-0.01826551742851734
2503,-0.16483300924301147
2504,-0.2379513531923294
2505,-0.21419036388397217
2506,-0.04836851358413696
2507,0.11633112281560898
2508,0.31134238839149475
2509,0.49004659056663513
2510,0.5010668635368347
2511,0.3560349643230438
2512,0.11266975104808807
2513,-0.2537667155265808
2514,-0.518418550491333
2515,-0.7191190719604492
2516,-0.7653986215591431
2517,-0.617285966873169
2518,-0.2078138142824173
2519,0.15061038732528687
2520,0.612363874912262
2521,0.7517494559288025
2522,0.8643121719360352
2523,0.6985938549041748
2524,0.4365324079990387
2525,0.09142259508371353
2526,-0.3099794387817383
2527,-0.5522648096084595
2528,-0.6697499752044678
2529,-0.6488785743713379
2530,-0.49065491557121277
2531,-0.26173123717308044
2532,-0.0340103842318058
2533,0.15455009043216705
2534,0.28752362728118896
2535,0.35371842980384827
2536,0.39965736865997314
2537,0.3947508633136749
2538,0.3818141520023346
2539,0.2641838788986206
2540,0.11305773258209229
2541,0.008489483967423439
2542,-0.2170107513666153
2543,-0.3924192786216736
2544,-0.5080848336219788
2545,-0.535243809223175
2546,-0.5603012442588806
2547,-0.3493947982788086
2548,-0.05719149857759476
2549,0.2053668349981308
2550,0.42637377977371216
2551,0.5680737495422363
2552,0.6185339093208313
2553,0.4193345010280609
2554,0.21518293023109436
2555,-0.04856640100479126
2556,-0.3044533431529999
2557,-0.39147359132766724
2558,-0.4051162600517273
2559,-0.28912484645843506
2560,-0.12966063618659973
2561,0.09090980887413025
2562,0.1396859735250473
2563,0.11988194286823273
2564,-0.0020882626995444298
2565,-0.058476828038692474
2566,-0.2056080549955368
2567,-0.2547488510608673
2568,-0.17036278545856476
2569,0.016088366508483887
2570,0.3334716856479645
2571,0.5600260496139526
2572,0.6122010946273804
2573,0.6114400029182434
2574,0.33621975779533386
2575,-0.11121485382318497
2576,-0.5251539349555969
2577,-0.858875572681427
2578,-0.9876771569252014
2579,-0.8982007503509521
2580,-0.6119357943534851
2581,-0.032931625843048096
2582,0.4504221975803375
2583,0.8971199989318848
2584,1.1102001667022705
2585,1.0246179103851318
2586,0.7622541189193726
2587,0.3360036313533783
2588,-0.14643073081970215
2589,-0.5861426591873169
2590,-0.8508784174919128
2591,-0.881777286529541
2592,-0.7705479860305786
2593,-0.49673566222190857
2594,-0.2225506454706192
2595,0.13608954846858978
2596,0.32195737957954407
2597,0.45755210518836975
2598,0.503139853477478
2599,0.477472722530365
2600,0.44750645756721497
2601,0.2974227964878082
2602,0.13307516276836395
2603,0.045192357152700424
2604,-0.1302463412284851
2605,-0.2641499638557434
2606,-0.4464224576950073
2607,-0.5472636222839355
2608,-0.5558297038078308
2609,-0.4658946096897125
2610,-0.3044235110282898
2611,-0.003158117178827524
2612,0.2925456464290619
2613,0.5456749200820923
2614,0.6008219718933105
2615,0.5546835660934448
2616,0.40914881229400635
2617,0.15465500950813293
2618,-0.07265383005142212
2619,-0.29568102955818176
2620,-0.391966313123703
2621,-0.30682268738746643
2622,-0.16760721802711487
2623,-0.06749223172664642
2624,0.07064926624298096
2625,0.045508306473493576
2626,0.016533885151147842
2627,-0.13199463486671448
2628,-0.24334385991096497
2629,-0.30767279863357544
2630,-0.22696729004383087
2631,-0.018360864371061325
2632,0.29647374153137207
2633,0.5872716307640076
2634,0.7586615085601807
2635,0.7414968609809875
2636,0.5945597290992737
2637,0.18141214549541473
2638,-0.39291322231292725
2639,-0.84309321641922
2640,-1.2101420164108276
2641,-1.240919589996338
2642,-0.930454671382904
2643,-0.36143621802330017
2644,0.19892597198486328
2645,0.7990111112594604
2646,1.2720272541046143
2647,1.2728893756866455
2648,1.1399346590042114
2649,0.6724613308906555
2650,0.05969420447945595
2651,-0.49909043312072754
2652,-0.8408178091049194
2653,-1.1282857656478882
2654,-1.0240015983581543
2655,-0.7371115684509277
2656,-0.35544127225875854
2657,0.024251312017440796
2658,0.4274672865867615
2659,0.5684155225753784
2660,0.5540160536766052
2661,0.5245581269264221
2662,0.4381621778011322
2663,0.30342087149620056
2664,0.12360496073961258
2665,0.05317552015185356
2666,-0.04477731138467789
2667,-0.15940292179584503
2668,-0.28843027353286743
2669,-0.47640475630760193
2670,-0.4465523064136505
2671,-0.4978756308555603
2672,-0.35056084394454956
2673,-0.12073688209056854
2674,0.05046461150050163
2675,0.28411248326301575
2676,0.548904538154602
2677,0.6010879874229431
2678,0.5360432267189026
2679,0.33983075618743896
2680,0.1751709133386612
2681,-0.13016051054000854
2682,-0.3290135860443115
2683,-0.3611694276332855
2684,-0.3360695540904999
2685,-0.18348613381385803
2686,-0.08280642330646515
2687,-0.03759722411632538
2688,-0.008230077102780342
2689,-0.1404031366109848
2690,-0.21860502660274506
2691,-0.27436017990112305
2692,-0.2823524475097656
2693,-0.10755603760480881
2694,0.22051356732845306
2695,0.5866988897323608
2696,0.8379035592079163
2697,0.9437370896339417
2698,0.7939961552619934
2699,0.4116649031639099
2700,-0.1429663896560669
2701,-0.7807210683822632
2702,-1.24184250831604
2703,-1.4228670597076416
2704,-1.2949869632720947
2705,-0.7931913137435913
2706,-0.08411698788404465
2707,0.6423100829124451
2708,1.2243047952651978
2709,1.5214678049087524
2710,1.5283942222595215
2711,1.0865979194641113
2712,0.3788760304450989
2713,-0.32252582907676697
2714,-0.8359021544456482
2715,-1.191321849822998
2716,-1.2670806646347046
2717,-0.985423743724823
2718,-0.6242123246192932
2719,-0.08052199333906174
2720,0.3726171553134918
2721,0.5701924562454224
2722,0.6930927634239197
2723,0.6717312335968018
2724,0.5176770091056824
2725,0.27685096859931946
2726,0.1442483514547348
2727,0.07671719044446945
2728,-0.047676920890808105
2729,-0.12901340425014496
2730,-0.1610916703939438
2731,-0.2701568007469177
2732,-0.3320968747138977
2733,-0.455112487077713
2734,-0.5039452314376831
2735,-0.3268868327140808
2736,-0.22905899584293365
2737,0.0564497709274292
2738,0.3299548923969269
2739,0.5416743159294128
2740,0.6165406107902527
2741,0.5834994316101074
2742,0.39752933382987976
2743,0.12256389856338501
2744,-0.07471464574337006
2745,-0.2445923238992691
2746,-0.31874439120292664
2747,-0.293669193983078
2748,-0.24891184270381927
2749,-0.12455001473426819
2750,-0.09740016609430313
2751,-0.2511061429977417
2752,-0.26176491379737854
2753,-0.3410579562187195
2754,-0.3716411888599396
2755,-0.12581567466259003
2756,0.12823154032230377
2757,0.49542614817619324
2758,0.8217889666557312
2759,1.0657808780670166
2760,1.023625135421753
2761,0.6724522113800049
2762,0.1304294914007187
2763,-0.5594303011894226
2764,-1.1584585905075073
2765,-1.55994713306427
2766,-1.5572010278701782
2767,-1.2127232551574707
2768,-0.49822911620140076
2769,0.34962111711502075
2770,1.1106375455856323
2771,1.656143307685852
2772,1.8305513858795166
2773,1.3966765403747559
2774,0.8330404162406921
2775,0.019290044903755188
2776,-0.7369809150695801
2777,-1.3018499612808228
2778,-1.4605389833450317
2779,-1.316091775894165
2780,-0.8951452374458313
2781,-0.31415003538131714
2782,0.22333532571792603
2783,0.5656540989875793
2784,0.8418269753456116
2785,0.757584273815155
2786,0.5441400408744812
2787,0.3314127027988434
2788,0.0841565802693367
2789,-0.09385040402412415
2790,-0.043624136596918106
2791,-0.10665807873010635
2792,-0.048623111099004745
2793,-0.07105747610330582
2794,-0.13110245764255524
2795,-0.2762470245361328
2796,-0.4392755925655365
2797,-0.5300501585006714
2798,-0.46727877855300903
2799,-0.24433690309524536
2800,0.04747995734214783
2801,0.3076190650463104
2802,0.5168914794921875
2803,0.6941311955451965
2804,0.6307315826416016
2805,0.47388532757759094
2806,0.23838838934898376
2807,0.010823095217347145
2808,-0.20381100475788116
2809,-0.3033146858215332
2810,-0.33119499683380127
2811,-0.3376428782939911
2812,-0.39393484592437744
2813,-0.3654967248439789
2814,-0.3244273066520691
2815,-0.34196004271507263
2816,-0.23367735743522644
2817,-0.15882205963134766
2818,0.09521593153476715
2819,0.47410261631011963
2820,0.8337992429733276
2821,1.0511529445648193
2822,1.1212249994277954
2823,0.8477182984352112
2824,0.3598095178604126
2825,-0.2476983368396759
2826,-1.0218886137008667
2827,-1.4839876890182495
2828,-1.6999496221542358
2829,-1.497349500656128
2830,-0.9062649011611938
2831,-0.07240841537714005
2832,0.7420220971107483
2833,1.4951413869857788
2834,1.8637727499008179
2835,1.8121986389160156
2836,1.2298471927642822
2837,0.43886226415634155
2838,-0.4249483346939087
2839,-1.0967445373535156
2840,-1.5792288780212402
2841,-1.579849362373352
2842,-1.1640291213989258
2843,-0.6600273847579956
2844,0.0528862290084362
2845,0.5506231188774109
2846,0.8055679202079773
2847,0.8643251061439514
2848,0.6564105749130249
2849,0.3918913006782532
2850,0.10806309431791306
2851,-0.04678073525428772
2852,-0.14358152449131012
2853,-0.08013898134231567
2854,0.0025749383494257927
2855,0.08454937487840652
2856,0.08596475422382355
2857,-0.14258117973804474
2858,-0.27383318543434143
2859,-0.512292206287384
2860,-0.6067627668380737
2861,-0.5621272325515747
2862,-0.3465268611907959
2863,-0.04299952834844589
2864,0.30016714334487915
2865,0.6270673274993896
2866,0.7873659729957581
2867,0.7744686603546143
2868,0.6162513494491577
2869,0.3565899133682251
2870,0.022544078528881073
2871,-0.2487512230873108
2872,-0.4775336980819702
2873,-0.5315496921539307
2874,-0.5956655740737915
2875,-0.4873334765434265
2876,-0.4894046187400818
2877,-0.36263030767440796
2878,-0.2205662727355957
2879,-0.16814005374908447
2880,0.12353090941905975
2881,0.4133765995502472
2882,0.7294631600379944
2883,1.005061388015747
2884,1.1678212881088257
2885,1.0674629211425781
2886,0.6375494003295898
2887,-0.04040198028087616
2888,-0.7450551390647888
2889,-1.3598827123641968
2890,-1.6930752992630005
2891,-1.7193819284439087
2892,-1.2917555570602417
2893,-0.497653990983963
2894,0.39115795493125916
2895,1.2582128047943115
2896,1.8294024467468262
2897,1.916155219078064
2898,1.6447594165802002
2899,0.9231153130531311
2900,0.031056826934218407
2901,-0.8946462869644165
2902,-1.4810317754745483
2903,-1.6294804811477661
2904,-1.433861255645752
2905,-0.868710994720459
2906,-0.2565964162349701
2907,0.40385788679122925
2908,0.7958686947822571
2909,0.954687237739563
2910,0.7883152961730957
2911,0.5020955204963684
2912,0.16462527215480804
2913,-0.11096996814012527
2914,-0.2832775115966797
2915,-0.13103215396404266
2916,0.026428034529089928
2917,0.15378445386886597
2918,0.23180024325847626
2919,0.17689770460128784
2920,-0.035136155784130096
2921,-0.3725513219833374
2922,-0.6853666305541992
2923,-0.7709291577339172
2924,-0.7144832015037537
2925,-0.37929919362068176
2926,-0.07774227112531662
2927,0.48910218477249146
2928,0.8372532725334167
2929,0.9889092445373535
2930,1.0040395259857178
2931,0.7287337183952332
2932,0.3924352824687958
2933,-0.06162978336215019
2934,-0.39022964239120483
2935,-0.6658895015716553
2936,-0.7951051592826843
2937,-0.7529935240745544
2938,-0.6799329519271851
2939,-0.5088436603546143
2940,-0.3205990493297577
2941,-0.16120588779449463
2942,0.09380776435136795
2943,0.39197540283203125
2944,0.6505361795425415
2945,0.9850571155548096
2946,1.1330242156982422
2947,1.0857341289520264
2948,0.7596117258071899
2949,0.2031293362379074
2950,-0.4240385591983795
2951,-1.0871667861938477
2952,-1.562457799911499
2953,-1.747734785079956
2954,-1.5080626010894775
2955,-0.923466682434082
2956,-0.024746498093008995
2957,0.8592326045036316
2958,1.6258143186569214
2959,2.000241994857788
2960,1.9451262950897217
2961,1.3192634582519531
2962,0.4241294264793396
2963,-0.4184633493423462
2964,-1.239990472793579
2965,-1.6249176263809204
2966,-1.6095222234725952
2967,-1.2190321683883667
2968,-0.5026025772094727
2969,0.16395877301692963
2970,0.6638702750205994
2971,0.9411336183547974
2972,0.8752312064170837
2973,0.6182869076728821
2974,0.19943594932556152
2975,-0.14927099645137787
2976,-0.3154759109020233
2977,-0.2710738778114319
2978,-0.04609769210219383
2979,0.17929114401340485
2980,0.39611005783081055
2981,0.43300291895866394
2982,0.3030933141708374
2983,-0.09305103123188019
2984,-0.616619348526001
2985,-0.869887113571167
2986,-0.9928359985351562
2987,-0.8347766995429993
2988,-0.4158439636230469
2989,0.09255793690681458
2990,0.5465307235717773
2991,1.038765788078308
2992,1.2104240655899048
2993,1.123092770576477
2994,0.8167416453361511
2995,0.2637145221233368
2996,-0.17544326186180115
2997,-0.678924560546875
2998,-0.8921796083450317
2999,-0.9673912525177002
3000,-0.8366784453392029
3001,-0.739657998085022
3002,-0.5184375643730164
3003,-0.16714008152484894
3004,0.08340580761432648
3005,0.4444233775138855
3006,0.6611213684082031
3007,0.9008848667144775
3008,1.117532730102539
3009,1.0814951658248901
3010,0.9030182361602783
3011,0.4077472686767578
3012,-0.09186094254255295
3013,-0.8128536939620972
3014,-1.3358209133148193
3015,-1.7123219966888428
3016,-1.6940066814422607
3017,-1.233152151107788
3018,-0.48176974058151245
3019,0.45201003551483154
3020,1.2436827421188354
3021,1.8080605268478394
3022,1.938066005706787
3023,1.6842647790908813
3024,0.8654869794845581
3025,0.03893565759062767
3026,-0.8461003303527832
3027,-1.4161003828048706
3028,-1.6270463466644287
3029,-1.3479771614074707
3030,-0.8760260939598083
3031,-0.197015643119812
3032,0.44990241527557373
3033,0.8023918271064758
3034,0.9289522171020508
3035,0.7233257293701172
3036,0.29379546642303467
3037,-0.046969860792160034
3038,-0.33861008286476135
3039,-0.34678083658218384
3040,-0.15696990489959717
3041,0.2118799090385437
3042,0.4531569480895996
3043,0.5709355473518372
3044,0.4788458049297333
3045,0.21341045200824738
3046,-0.3513462245464325
3047,-0.796428382396698
3048,-1.117640733718872
3049,-1.2274223566055298
3050,-0.9003962278366089
3051,-0.32851502299308777
3052,0.30278247594833374
3053,0.878267228603363
3054,1.3312251567840576
3055,1.4259533882141113
3056,1.248947262763977
3057,0.688643217086792
3058,0.09340564161539078
3059,-0.4818110466003418
3060,-0.9325066804885864
3061,-1.153969407081604
3062,-1.1578435897827148
3063,-0.982258677482605
3064,-0.6932194828987122
3065,-0.2939131557941437
3066,0.04541103541851044
3067,0.3834550380706787
3068,0.6738921999931335
3069,0.915604293346405
3070,1.0497881174087524
3071,0.9975537657737732
3072,0.887357771396637
3073,0.5770303606987
3074,0.06848954409360886
3075,-0.5543954372406006
3076,-1.1251513957977295
3077,-1.4373944997787476
3078,-1.5583364963531494
3079,-1.357758641242981
3080,-0.8484342098236084
3081,-1.8426106180413626e-05
3082,0.8137785792350769
3083,1.4417873620986938
3084,1.7736769914627075
3085,1.6376168727874756
3086,1.231851577758789
3087,0.3980230987071991
3088,-0.37014326453208923
3089,-1.0610190629959106
3090,-1.4549254179000854
3091,-1.3900314569473267
3092,-1.0690966844558716
3093,-0.44326862692832947
3094,0.19063889980316162
3095,0.6469503045082092
3096,0.8244619369506836
3097,0.7741343379020691
3098,0.430068701505661
3099,0.01689913682639599
3100,-0.29188835620880127
3101,-0.3891022801399231
3102,-0.19117598235607147
3103,0.05869786813855171
3104,0.41496387124061584
3105,0.6524739265441895
3106,0.6802380681037903
3107,0.4134575426578522
3108,0.00026076685753650963
3109,-0.5806434154510498
3110,-1.1074635982513428
3111,-1.372004747390747
3112,-1.2449166774749756
3113,-0.8158837556838989
3114,-0.1642560362815857
3115,0.628067672252655
3116,1.238727331161499
3117,1.5609331130981445
3118,1.546199083328247
3119,1.1156398057937622
3120,0.5473370552062988
3121,-0.2323794662952423
3122,-0.807668924331665
3123,-1.2092156410217285
3124,-1.3634964227676392
3125,-1.2056610584259033
3126,-0.916212260723114
3127,-0.4811244010925293
3128,0.009538334794342518
3129,0.38668909668922424
3130,0.7244046926498413
3131,0.9000200033187866
3132,1.0052554607391357
3133,0.9778137803077698
3134,0.8411096334457397
3135,0.5798321962356567
3136,0.1864291876554489
3137,-0.2851141095161438
3138,-0.6993364095687866
3139,-1.2235594987869263
3140,-1.400068759918213
3141,-1.3176538944244385
3142,-0.9900659322738647
3143,-0.36435940861701965
3144,0.33552050590515137
3145,0.9673263430595398
3146,1.4691028594970703
3147,1.5712471008300781
3148,1.3966809511184692
3149,0.844039797782898
3150,0.04936622455716133
3151,-0.6358903646469116
3152,-1.1705292463302612
3153,-1.376997470855713
3154,-1.1695306301116943
3155,-0.7525395750999451
3156,-0.15283168852329254
3157,0.3786868751049042
3158,0.694923460483551
3159,0.7378566265106201
3160,0.4692564904689789
3161,0.13299769163131714
3162,-0.19556474685668945
3163,-0.36796972155570984
3164,-0.41425132751464844
3165,-0.07994010299444199
3166,0.3533592224121094
3167,0.6426628232002258
3168,0.840725302696228
3169,0.7321749329566956
3170,0.24069944024085999
3171,-0.3024458587169647
3172,-0.898591160774231
3173,-1.339481234550476
3174,-1.4959492683410645
3175,-1.1661865711212158
3176,-0.5871575474739075
3177,0.24429962038993835
3178,1.0012701749801636
3179,1.517878532409668
3180,1.7221558094024658
3181,1.473291277885437
3182,0.9100660681724548
3183,0.1302850991487503
3184,-0.5848829746246338
3185,-1.1367998123168945
3186,-1.45294189453125
3187,-1.4310085773468018
3188,-1.1477757692337036
3189,-0.6690810322761536
3190,-0.10247644782066345
3191,0.3056652843952179
3192,0.7655859589576721
3193,0.9071146845817566
3194,1.0393015146255493
3195,0.9574780464172363
3196,0.7630716562271118
3197,0.5694639682769775
3198,0.2527633011341095
3199,-0.10423090308904648
3200,-0.48572519421577454
3201,-0.8877562284469604
3202,-1.1449166536331177
3203,-1.2100929021835327
3204,-1.075411081314087
3205,-0.6453949809074402
3206,-0.06351856142282486
3207,0.5555075407028198
3208,1.076332926750183
3209,1.3502223491668701
3210,1.3641079664230347
3211,0.9429830312728882
3212,0.4269951283931732
3213,-0.2173176258802414
3214,-0.7368124723434448
3215,-1.0675115585327148
3216,-1.0831298828125
3217,-0.8422905206680298
3218,-0.368673175573349
3219,0.04816426336765289
3220,0.4360692501068115
3221,0.5072875618934631
3222,0.5223110318183899
3223,0.24964533746242523
3224,-0.12828688323497772
3225,-0.35256654024124146
3226,-0.41096019744873047
3227,-0.19454289972782135
3228,0.21187959611415863
3229,0.5867551565170288
3230,0.8022049069404602
3231,0.8342689871788025
3232,0.5330072641372681
3233,0.023933712393045425
3234,-0.6176131367683411
3235,-1.2103005647659302
3236,-1.5010828971862793
3237,-1.4283745288848877
3238,-1.0292805433273315
3239,-0.21771551668643951
3240,0.6128622889518738
3241,1.3511176109313965
3242,1.6761434078216553
3243,1.7425345182418823
3244,1.2827128171920776
3245,0.5998790264129639
3246,-0.1901135891675949
3247,-0.9966694712638855
3248,-1.4624422788619995
3249,-1.5233583450317383
3250,-1.38340425491333
3251,-0.9252488613128662
3252,-0.3082142770290375
3253,0.21940913796424866
3254,0.6773685216903687
3255,0.9141917824745178
3256,0.9757207632064819
3257,0.9312888979911804
3258,0.7942497730255127
3259,0.4956297278404236
3260,0.2818296551704407
3261,-0.008922700770199299
3262,-0.3292485475540161
3263,-0.596727728843689
3264,-0.8656840920448303
3265,-0.9795441031455994
3266,-0.921579122543335
3267,-0.717924177646637
3268,-0.296359658241272
3269,0.11050520092248917
3270,0.6256292462348938
3271,0.9820010662078857
3272,1.1465815305709839
3273,1.072603702545166
3274,0.6477752327919006
3275,0.2061307579278946
3276,-0.3566409647464752
3277,-0.7471853494644165
3278,-0.8855904936790466
3279,-0.850523829460144
3280,-0.5424618124961853
3281,-0.1796661615371704
3282,0.1605997234582901
3283,0.3628999888896942
3284,0.3353019058704376
3285,0.2048511952161789
3286,-0.015085097402334213
3287,-0.22932930290699005
3288,-0.3555314540863037
3289,-0.1612662971019745
3290,0.11821211129426956
3291,0.4318559467792511
3292,0.7482222318649292
3293,0.9070221185684204
3294,0.672856330871582
3295,0.2636184096336365
3296,-0.33100852370262146
3297,-0.9572034478187561
3298,-1.4006710052490234
3299,-1.504887342453003
3300,-1.2671774625778198
3301,-0.6402453780174255
3302,0.25014927983283997
3303,0.9488005638122559
3304,1.5578405857086182
3305,1.780775785446167
3306,1.5378297567367554
3307,1.0087000131607056
3308,0.17867718636989594
3309,-0.6041514277458191
3310,-1.3235398530960083
3311,-1.509365439414978
3312,-1.4502540826797485
3313,-1.1379250288009644
3314,-0.5176737308502197
3315,0.048914648592472076
3316,0.5712862014770508
3317,0.9174254536628723
3318,0.9761862754821777
3319,0.8712370991706848
3320,0.7085191607475281
3321,0.42268627882003784
3322,0.1844361275434494
3323,-0.04629609361290932
3324,-0.2518986463546753
3325,-0.38167059421539307
3326,-0.5530053377151489
3327,-0.7219763398170471
3328,-0.6998206973075867
3329,-0.7100186944007874
3330,-0.4747207462787628
3331,-0.13970839977264404
3332,0.28071701526641846
3333,0.6253902912139893
3334,0.8632429242134094
3335,0.9524754881858826
3336,0.7917966842651367
3337,0.49362802505493164
3338,0.01934184692800045
3339,-0.39988973736763
3340,-0.6332069039344788
3341,-0.6824714541435242
3342,-0.5961326956748962
3343,-0.33753976225852966
3344,-0.060721270740032196
3345,0.15779219567775726
3346,0.26201972365379333
3347,0.16458947956562042
3348,0.06359140574932098
3349,-0.17257234454154968
3350,-0.24002382159233093
3351,-0.22526399791240692
3352,0.04604369029402733
3353,0.3021147847175598
3354,0.7044668793678284
3355,0.8047073483467102
3356,0.8053156137466431
3357,0.48141932487487793
3358,-0.06582840532064438
3359,-0.6119205951690674
3360,-1.1858471632003784
3361,-1.4027681350708008
3362,-1.3979512453079224
3363,-0.949626088142395
3364,-0.2768738567829132
3365,0.6006815433502197
3366,1.2976133823394775
3367,1.6672331094741821
3368,1.6473842859268188
3369,1.2210159301757812
3370,0.6278564929962158
3371,-0.22004656493663788
3372,-1.00528085231781
3373,-1.408786654472351
3374,-1.5805271863937378
3375,-1.2165583372116089
3376,-0.7165144085884094
3377,-0.13689066469669342
3378,0.3691587448120117
3379,0.7440999746322632
3380,0.8931854963302612
3381,0.9147138595581055
3382,0.6868915557861328
3383,0.435499906539917
3384,0.16520319879055023
3385,-0.040937911719083786
3386,-0.1615632325410843
3387,-0.2478906512260437
3388,-0.37847623229026794
3389,-0.4532935321331024
3390,-0.5382063984870911
3391,-0.5485330820083618
3392,-0.4768450856208801
3393,-0.2601422369480133
3394,-0.03825519233942032
3395,0.2674316167831421
3396,0.5139762163162231
3397,0.6613985300064087
3398,0.6657905578613281
3399,0.5643043518066406
3400,0.2770203948020935
3401,0.0650656595826149
3402,-0.2772834897041321
3403,-0.4865871071815491
3404,-0.4645383358001709
3405,-0.4500214457511902
3406,-0.24915412068367004
3407,-0.08505339175462723
3408,0.06011532247066498
3409,0.07126076519489288
3410,0.038524042814970016
3411,-0.03633403033018112
3412,-0.19334954023361206
3413,-0.20499467849731445
3414,0.04510987177491188
3415,0.25577443838119507
3416,0.5556033849716187
3417,0.7283584475517273
3418,0.8224857449531555
3419,0.6429638266563416
3420,0.14825810492038727
3421,-0.33275553584098816
3422,-0.9021751284599304
3423,-1.3021336793899536
3424,-1.3472963571548462
3425,-1.0686593055725098
3426,-0.5785866379737854
3427,0.14200390875339508
3428,0.9249173402786255
3429,1.3993099927902222
3430,1.589677333831787
3431,1.3420966863632202
3432,0.8289499282836914
3433,0.13552325963974
3434,-0.5844893455505371
3435,-1.135024905204773
3436,-1.3439043760299683
3437,-1.3038758039474487
3438,-0.9860061407089233
3439,-0.4287300109863281
3440,0.1535487174987793
3441,0.6375183463096619
3442,0.8217466473579407
3443,0.85434490442276
3444,0.7090164422988892
3445,0.4305627644062042
3446,0.15427085757255554
3447,-0.04889574274420738
3448,-0.15055051445960999
3449,-0.22959749400615692
3450,-0.2722204625606537
3451,-0.26152849197387695
3452,-0.3350605070590973
3453,-0.2978366017341614
3454,-0.3230372667312622
3455,-0.30656564235687256
3456,-0.2641010880470276
3457,0.019434098154306412
3458,0.08428234606981277
3459,0.34955474734306335
3460,0.4928574860095978
3461,0.5729543566703796
3462,0.4138953983783722
3463,0.2728406488895416
3464,0.018756233155727386
3465,-0.2110845148563385
3466,-0.3287225067615509
3467,-0.3612830936908722
3468,-0.34574100375175476
3469,-0.25980186462402344
3470,-0.2062402367591858
3471,-0.015173926018178463
3472,-0.04900747910141945
3473,-0.12116605043411255
3474,-0.0905432254076004
3475,-0.037889596074819565
3476,0.007274307776242495
3477,0.1522560566663742
3478,0.47684532403945923
3479,0.620646059513092
3480,0.6964315176010132
3481,0.6273793578147888
3482,0.2502600848674774
3483,-0.11453815549612045
3484,-0.5958037972450256
3485,-0.9208405613899231
3486,-1.2030278444290161
3487,-1.1185085773468018
3488,-0.7746682167053223
3489,-0.178736612200737
3490,0.4888454079627991
3491,1.0563558340072632
3492,1.3541010618209839
3493,1.4068964719772339
3494,1.0227376222610474
3495,0.45278143882751465
3496,-0.1867639124393463
3497,-0.7903313040733337
3498,-1.1861449480056763
3499,-1.2820663452148438
3500,-0.9995880126953125
3501,-0.6027889847755432
3502,-0.023962711915373802
3503,0.3718414306640625
3504,0.6280656456947327
3505,0.7911558151245117
3506,0.7245758175849915
3507,0.45954424142837524
3508,0.20380517840385437
3509,-0.026636462658643723
3510,-0.12174860388040543
3511,-0.2129334807395935
3512,-0.20356957614421844
3513,-0.17866969108581543
3514,-0.18652182817459106
3515,-0.10993685573339462
3516,-0.1660657376050949
3517,-0.2794889807701111
3518,-0.24329079687595367
3519,-0.19559471309185028
3520,-0.0875651016831398
3521,0.09414664655923843
3522,0.3106986880302429
3523,0.3866637945175171
3524,0.45304062962532043
3525,0.40618377923965454
3526,0.2576455771923065
3527,0.052032068371772766
3528,-0.12996044754981995
3529,-0.2641848921775818
3530,-0.37405452132225037
3531,-0.3347044885158539
3532,-0.2921334505081177
3533,-0.15212729573249817
3534,-0.17583441734313965
3535,-0.1001572385430336
3536,-0.047003112733364105
3537,-0.042049895972013474
3538,0.028858447447419167
3539,0.1451525092124939
3540,0.3303321301937103
3541,0.44006067514419556
3542,0.5647709369659424
3543,0.5373009443283081
3544,0.32014790177345276
3545,0.06096021085977554
3546,-0.35053926706314087
3547,-0.6977301239967346
3548,-0.9279125928878784
3549,-0.9825905561447144
3550,-0.8254698514938354
3551,-0.36451178789138794
3552,0.11139583587646484
3553,0.658654510974884
3554,1.1070040464401245
3555,1.1825923919677734
3556,1.071865439414978
3557,0.6160398125648499
3558,0.07808888703584671
3559,-0.5008681416511536
3560,-0.8476698994636536
3561,-1.061151146888733
3562,-0.9544904232025146
3563,-0.6589386463165283
3564,-0.23030002415180206
3565,0.19372019171714783
3566,0.5093454122543335
3567,0.6659294962882996
3568,0.6170912981033325
3569,0.4028998017311096
3570,0.2431877702474594
3571,0.06467342376708984
3572,-0.11909595876932144
3573,-0.13565167784690857
3574,-0.16193436086177826
3575,-0.13328664004802704
3576,-0.06923948228359222
3577,0.0021003487054258585
3578,-0.049306172877550125
3579,-0.14386923611164093
3580,-0.19648827612400055
3581,-0.2829636037349701
3582,-0.20426270365715027
3583,-0.11394070088863373
3584,0.06870442628860474
3585,0.2785501778125763
3586,0.3746097981929779
3587,0.47424232959747314
3588,0.42754238843917847
3589,0.23263736069202423
3590,0.14479313790798187
3591,-0.14765149354934692
3592,-0.25729864835739136
3593,-0.31035369634628296
3594,-0.4112156629562378
3595,-0.26622849702835083
3596,-0.19046834111213684
3597,-0.15072748064994812
3598,-0.06784427911043167
3599,-0.0026829217094928026
3600,0.058443207293748856
3601,0.1892465204000473
3602,0.2546072006225586
3603,0.3733181059360504
3604,0.46038636565208435
3605,0.4764115810394287
3606,0.38254785537719727
3607,0.09506199508905411
3608,-0.20921991765499115
3609,-0.4566870927810669
3610,-0.6979836225509644
3611,-0.8369566798210144
3612,-0.7194053530693054
3613,-0.4500805735588074
3614,-0.06420674920082092
3615,0.41018199920654297
3616,0.6973541975021362
3617,0.9343485236167908
3618,0.9763553142547607
3619,0.7025913596153259
3620,0.25200408697128296
3621,-0.16199658811092377
3622,-0.528751790523529
3623,-0.7427060008049011
3624,-0.8199167251586914
3625,-0.6365329623222351
3626,-0.39470425248146057
3627,-0.006880049593746662
3628,0.351084440946579
3629,0.47704017162323
3630,0.540889322757721
3631,0.3827536702156067
3632,0.2951236665248871
3633,0.041064564138650894
3634,-0.0941542237997055
3635,-0.22733044624328613
3636,-0.2034117728471756
3637,-0.031617045402526855
3638,-0.009892203845083714
3639,0.03619254007935524
3640,0.058232858777046204
3641,-0.011663352139294147
3642,-0.19243595004081726
3643,-0.25577354431152344
3644,-0.2642192542552948
3645,-0.22582030296325684
3646,-0.09709367156028748
3647,0.047558799386024475
3648,0.2245079129934311
3649,0.36674776673316956
3650,0.384639710187912
3651,0.33111920952796936
3652,0.21029378473758698
3653,0.052258703857660294
3654,-0.12849779427051544
3655,-0.2757982313632965
3656,-0.34291061758995056
3657,-0.342711865901947
3658,-0.2816932201385498
3659,-0.19675669074058533
3660,-0.15111681818962097
3661,0.011040206998586655
3662,0.019085464999079704
3663,0.16525158286094666
3664,0.20474444329738617
3665,0.31356170773506165
3666,0.3761211335659027
3667,0.2919350564479828
3668,0.3089996576309204
3669,0.16765286028385162
3670,-0.04914817959070206
3671,-0.24799364805221558
3672,-0.47854068875312805
3673,-0.5867900848388672
3674,-0.6271350979804993
3675,-0.436727911233902
3676,-0.18687866628170013
3677,0.14043904840946198
3678,0.4105852246284485
3679,0.7085152268409729
3680,0.7850388288497925
3681,0.6227602362632751
3682,0.3641204535961151
3683,0.030065026134252548
3684,-0.27095556259155273
3685,-0.5102145671844482
3686,-0.6694891452789307
3687,-0.6512766480445862
3688,-0.3828149437904358
3689,-0.12938962876796722
3690,0.14345459640026093
3691,0.3486552834510803
3692,0.3798718750476837
3693,0.3764200210571289
3694,0.23714770376682281
3695,0.09301846474409103
3696,-0.02521480992436409
3697,-0.14288045465946198
3698,-0.17165489494800568
3699,-0.04745062068104744
3700,0.023842215538024902
3701,0.06714882701635361
3702,0.038818828761577606
3703,0.02346944995224476
3704,-0.0392526313662529
3705,-0.13674640655517578
3706,-0.2527911961078644
3707,-0.24539485573768616
3708,-0.22159458696842194
3709,-0.0903802290558815
3710,0.09996513277292252
3711,0.22918957471847534
3712,0.3438701629638672
3713,0.3884999454021454
3714,0.3328721821308136
3715,0.14957934617996216
3716,-0.004949081689119339
3717,-0.19460366666316986
3718,-0.3090321719646454
3719,-0.31322482228279114
3720,-0.32573202252388
3721,-0.3018798232078552
3722,-0.13539361953735352
3723,-0.0734313353896141
3724,0.03821660205721855
3725,0.14028720557689667
3726,0.20207777619361877
3727,0.23304370045661926
3728,0.1993311196565628
3729,0.2742791771888733
3730,0.2012321799993515
3731,0.09557773172855377
3732,-0.05033164843916893
3733,-0.09282933920621872
3734,-0.27611032128334045
3735,-0.38819119334220886
3736,-0.41368064284324646
3737,-0.38274484872817993
3738,-0.28147757053375244
3739,-0.006850025150924921
3740,0.23245593905448914
3741,0.41136354207992554
3742,0.5488905906677246
3743,0.5499540567398071
3744,0.3416364789009094
3745,0.13934311270713806
3746,-0.06523576378822327
3747,-0.30033907294273376
3748,-0.4290112555027008
3749,-0.42393049597740173
3750,-0.3362039029598236
3751,-0.20059554278850555
3752,0.01332822348922491
3753,0.1558489203453064
3754,0.26798224449157715
3755,0.2487843781709671
3756,0.15391388535499573
3757,0.08418168872594833
3758,-0.034060604870319366
3759,-0.06813663244247437
3760,-0.06836839020252228
3761,-0.07900241762399673
3762,0.004587829113006592
3763,0.0420134961605072
3764,0.07182192802429199
3765,0.07785056531429291
3766,0.013246482238173485
3767,-0.06486856192350388
3768,-0.16367532312870026
3769,-0.17371301352977753
3770,-0.22536443173885345
3771,-0.1975351721048355
3772,-0.023078076541423798
3773,0.09313474595546722
3774,0.23848730325698853
3775,0.3321230113506317
3776,0.2735893130302429
3777,0.21541300415992737
3778,0.10878820717334747
3779,-0.07653045654296875
3780,-0.16584350168704987
3781,-0.23599497973918915
3782,-0.2507334351539612
3783,-0.20984221994876862
3784,-0.15307368338108063
3785,-0.06484167277812958
3786,-0.025249376893043518
3787,0.014388502575457096
3788,0.12189742922782898
3789,0.22609320282936096
3790,0.19778528809547424
3791,0.1173320934176445
3792,0.14243163168430328
3793,0.11428746581077576
3794,-0.025111904367804527
3795,-0.04169651120901108
3796,-0.18654614686965942
3797,-0.19989866018295288
3798,-0.2741454839706421
3799,-0.17427995800971985
3800,-0.24057087302207947
3801,-0.0751795545220375
3802,0.016966501250863075
3803,0.23534920811653137
3804,0.3043987452983856
3805,0.36115777492523193
3806,0.2920322120189667
3807,0.14138364791870117
3808,0.004585720598697662
3809,-0.16637155413627625
3810,-0.2761559784412384
3811,-0.29011785984039307
3812,-0.2369900494813919
3813,-0.15470384061336517
3814,-0.041751984506845474
3815,0.047472819685935974
3816,0.16644451022148132
3817,0.1576825976371765
3818,0.16522610187530518
3819,0.1193096786737442
3820,0.010141652077436447
3821,-0.061943866312503815
3822,-0.08903110027313232
3823,-0.04442920535802841
3824,-0.026991743594408035
3825,-0.004718367010354996
3826,0.06652059406042099
3827,0.05426701158285141
3828,0.09740765392780304
3829,-0.013197324238717556
3830,-0.13534383475780487
3831,-0.14624451100826263
3832,-0.1574491411447525
3833,-0.14213846623897552
3834,-0.0917384922504425
3835,0.025113064795732498
3836,0.13243773579597473
3837,0.23092560470104218
3838,0.24090607464313507
3839,0.2714073956012726
3840,0.12262595444917679
3841,0.07191775739192963
3842,-0.07820215076208115
3843,-0.21187950670719147
3844,-0.2382918745279312
3845,-0.2543969452381134
3846,-0.20867407321929932
3847,-0.053316328674554825
3848,-0.033001042902469635
3849,0.07274466007947922
3850,0.07790149003267288
3851,0.13160449266433716
3852,0.10673101246356964
3853,0.1529659479856491
3854,0.09520937502384186
3855,0.054737988859415054
3856,0.02046096697449684
3857,0.04127143695950508
3858,-0.06138771399855614
3859,-0.09566092491149902
3860,-0.1889285445213318
3861,-0.17820878326892853
3862,-0.1264847218990326
3863,-0.13693317770957947
3864,0.034467414021492004
3865,0.08539313077926636
3866,0.14698384702205658
3867,0.18128320574760437
3868,0.17803917825222015
3869,0.12506727874279022
3870,0.10458478331565857
3871,-0.00652201846241951
3872,-0.06992904841899872
3873,-0.16606220602989197
3874,-0.19172465801239014
3875,-0.09232025593519211
3876,-0.10741785168647766
3877,-0.01758183352649212
3878,0.08268076181411743
3879,0.12791769206523895
3880,0.057249147444963455
3881,0.06078273430466652
3882,0.026879219338297844
3883,-0.019139761105179787
3884,-0.06546547263860703
3885,-0.019945047795772552
3886,-0.03361403942108154
3887,0.009211002849042416
3888,-0.019395319744944572
3889,0.05874859541654587
3890,-0.007088069338351488
3891,0.036267902702093124
3892,-0.02038326859474182
3893,-0.09924442321062088
3894,-0.11018487811088562
3895,-0.11278830468654633
3896,-0.08837001770734787
3897,-0.014926464296877384
3898,0.039950575679540634
3899,0.09118744730949402
3900,0.11901605874300003
3901,0.1954520344734192
3902,0.11886722594499588
3903,0.053814537823200226
3904,0.006421227473765612
3905,-0.08978714048862457
3906,-0.13163839280605316
3907,-0.11333739757537842
3908,-0.08629682660102844
3909,-0.058456696569919586
3910,-0.07313515990972519
3911,0.02141258865594864
3912,0.05716470628976822
3913,0.09384249150753021
3914,0.05996643751859665
3915,0.047436635941267014
3916,0.05824801325798035
3917,0.013089477084577084
3918,-0.016498256474733353
3919,-0.011551960371434689
3920,-0.005710532423108816
3921,-0.05034400522708893
3922,-0.036832988262176514
3923,-0.10641095787286758
3924,-0.050274644047021866
3925,-0.05256182700395584
3926,-0.047216854989528656
3927,0.004459846299141645
3928,0.028389396145939827
3929,0.07465427368879318
3930,0.0689912661910057
3931,0.11833979189395905
3932,0.04157513380050659
3933,-0.030246376991271973
3934,-0.03547005355358124
3935,-0.05067748203873634
3936,-0.08694994449615479
3937,-0.047349829226732254
3938,-0.07797964662313461
3939,-0.04463089630007744
3940,0.06057725474238396
3941,0.03524097055196762
3942,0.059444837272167206
3943,0.05152245610952377
3944,0.03702189028263092
3945,0.0014663137262687087
3946,-0.020162472501397133
3947,0.013322564773261547
3948,-0.0259089432656765
3949,0.007634645793586969
3950,0.041597623378038406
3951,0.020698370411992073
3952,-0.01351883728057146
3953,0.031602926552295685
3954,0.025993315503001213
3955,-0.025479527190327644
3956,-0.10410023480653763
3957,-0.04421033337712288
3958,0.0032909114379435778
3959,-0.07636597007513046
3960,-0.07679048925638199
3961,0.030835988000035286
3962,0.06668323278427124
3963,0.09826438874006271
3964,0.09180481731891632
3965,0.046778757125139236
3966,0.026630228385329247
3967,-0.01383136585354805
3968,-0.04711979255080223
3969,-0.06626155227422714
3970,-0.06761091947555542
3971,-0.02757798694074154
3972,-0.013088459149003029
3973,-0.01219547726213932
3974,0.05421715974807739
3975,0.014857247471809387
3976,0.034605659544467926
3977,0.042508285492658615
3978,-0.025749312713742256
3979,0.007764711976051331
3980,0.03231469914317131
3981,0.020576564595103264
3982,-0.047152385115623474
3983,-0.04343387857079506
3984,-0.0556432269513607
3985,-0.03350923955440521
3986,-0.02776605822145939
3987,-0.06799609959125519
3988,-0.0033720561768859625
3989,0.0010933584999293089
3990,0.00964503176510334
3991,0.0032797977328300476
3992,0.024441154673695564
3993,-0.021679610013961792
3994,0.03110644966363907
3995,0.01910322718322277
3996,-0.004089750815182924
3997,-0.0484243668615818
3998,0.014735694974660873
3999,0.008064868859946728
4000,-0.07598557323217392
4001,-0.000576060323510319
4002,0.0020366483367979527
4003,-0.06866039335727692
4004,0.02671620063483715
4005,0.030993705615401268
4006,0.029428763315081596
4007,0.007450523320585489
4008,-0.02141282521188259
4009,-0.019770225510001183
4010,0.011317679658532143
4011,0.03480848670005798
4012,-0.008243311196565628
4013,0.002311329124495387
4014,0.03203994780778885
4015,-0.05425407364964485
4016,0.014953694306313992
4017,-0.013584977015852928
4018,-0.0789709985256195
4019,0.002874473575502634
4020,-0.04611194506287575
4021,0.009247805923223495
4022,0.03581073135137558
4023,-0.02978328987956047
4024,-0.01887681521475315
4025,0.02138449437916279
4026,-0.029108809307217598
4027,0.03835545480251312
4028,0.013814562000334263
4029,0.026953253895044327
4030,-0.06406427919864655
4031,-0.010308724828064442
4032,-0.004039837513118982
4033,-0.06736781448125839
4034,0.016856977716088295
4035,-0.04259946197271347
4036,0.009279104880988598
4037,-0.029970228672027588
4038,0.03353879973292351
4039,0.060042571276426315
4040,0.01002551056444645
4041,0.006332420744001865
4042,0.04050717502832413
4043,-0.012971284799277782
4044,-0.0001440893393009901
4045,0.021317634731531143
4046,0.009246732108294964
4047,0.042813342064619064
4048,0.032126426696777344
4049,0.054047081619501114
4050,-0.0015476120170205832
4051,0.033302564173936844
4052,-0.021564384922385216
4053,0.03060600906610489
4054,0.05684247985482216
4055,0.07495135068893433
4056,-0.030624687671661377
4057,9.038499229063746e-06
4058,0.024444187059998512
4059,-0.02368752658367157
4060,0.016841154545545578
4061,0.015948643907904625
4062,-0.014032747596502304
4063,-0.014888305217027664
4064,-0.025243587791919708
4065,0.011657110415399075
4066,0.04050370678305626
4067,0.012150180526077747
4068,0.08481356501579285
4069,-0.04023740440607071
4070,-0.0141880689188838
4071,0.022319333627820015
4072,-0.030887626111507416
4073,0.01303749531507492
4074,0.02703370526432991
4075,0.008634150959551334
4076,-0.0031223671976476908
4077,0.030950326472520828
4078,0.015307804569602013
4079,0.02395404689013958
4080,0.018402591347694397
4081,-0.017538802698254585
4082,-0.03014802746474743
4083,-0.008808240294456482
4084,0.007811649702489376
4085,-0.0027867534663528204
4086,0.030772430822253227
4087,0.01050953846424818
4088,0.031476426869630814
4089,0.006318388041108847
4090,-0.018402358517050743
4091,0.02747422829270363
4092,0.0172665324062109
4093,-0.022186167538166046
4094,-0.009517104364931583
4095,0.08469788730144501
4096,0.061227574944496155
4097,-0.07666892558336258
4098,0.012550351209938526
4099,-0.017012398689985275
4100,-0.01354279462248087
4101,-0.006422185804694891
4102,-0.06056356057524681
4103,-0.0069593205116689205
4104,-0.026023603975772858
4105,0.09953906387090683
4106,0.00654313899576664
4107,-0.010855543427169323
4108,-0.008699482306838036
4109,-0.020206255838274956
4110,-0.03164372593164444
4111,-0.011482242494821548
4112,0.014939569868147373
4113,-0.006489085033535957
4114,0.029471147805452347
4115,-0.005346609279513359
4116,0.0011078830575570464
4117,0.046338219195604324
4118,0.015821345150470734
4119,-0.016159722581505775
4120,-0.006818292662501335
4121,0.01479615829885006
4122,0.05685266852378845
4123,-0.008762755431234837
4124,-0.007220504339784384
4125,0.031013645231723785
4126,-0.024873537942767143
4127,-0.00652339868247509
4128,0.028793737292289734
4129,0.019323155283927917
4130,0.003784844418987632
4131,0.019934754818677902
4132,-0.08633066713809967
4133,0.02800166979432106
4134,-0.032142773270606995
4135,-0.05348794907331467
4136,0.005513829179108143
4137,0.01954842172563076
4138,-0.013052266091108322
4139,-0.030129065737128258
4140,0.004542304202914238
4141,0.003126735333353281
4142,0.04691966995596886
4143,0.026216713711619377
4144,0.007766510359942913
4145,0.03288765251636505
4146,-0.009148293174803257
4147,-0.032863933593034744
4148,0.011226309463381767
4149,0.01119497325271368
4150,-0.011395959183573723
4151,-0.025968028232455254
4152,0.007562639191746712
4153,-0.07086630910634995
4154,0.027329789474606514
4155,0.022853102535009384
4156,-0.041151758283376694
4157,0.008083466440439224
4158,-0.02586785890161991
4159,0.021738026291131973
4160,-0.06609795242547989
4161,-0.035813771188259125
4162,0.011128924787044525
4163,0.024746010079979897
4164,-0.07240322977304459
4165,-0.01859927363693714
4166,0.011181434616446495
4167,-0.011920779943466187
4168,0.05806763097643852
4169,-0.023302925750613213
4170,0.02270905114710331
4171,-0.02224734053015709
4172,0.04646341875195503
4173,-0.0024318876676261425
4174,-0.018972015008330345
4175,-0.06408259272575378
4176,0.035517625510692596
4177,0.008192729204893112
4178,0.011745819821953773
4179,0.029210073873400688
4180,0.012787512503564358
4181,-0.00975263025611639
4182,-0.009060196578502655
4183,-0.006339141633361578
4184,0.05799601599574089
4185,-0.031186753883957863
4186,-0.01231564860790968
4187,-0.012570688501000404
4188,-0.0044831810519099236
4189,-0.0003199019411113113
4190,-0.05809423699975014
4191,-0.07147811353206635
4192,-0.014620675705373287
4193,0.030183326452970505
4194,0.02636938914656639
4195,0.019669989123940468
4196,0.010924085974693298
4197,0.03259556367993355
4198,0.015136906877160072
4199,0.04096052050590515
4200,-0.016970768570899963
4201,-0.0004635507066268474
4202,-0.018689094111323357
4203,-0.007222766522318125
4204,-0.020457101985812187
4205,0.05103493854403496
4206,0.02647433616220951
4207,0.03741765022277832
4208,-0.05574536696076393
4209,0.007512479089200497
4210,0.00857754796743393
4211,0.04679352045059204
4212,-0.03971138224005699
4213,0.0558384507894516
4214,0.04009038582444191
4215,-0.045573700219392776
4216,-0.04963009059429169
4217,-0.05441167950630188
4218,-0.03334366902709007
4219,-0.012781825847923756
4220,0.038645535707473755
4221,-0.014567156322300434
4222,0.03073807805776596
4223,0.027687251567840576
4224,0.08694382011890411
4225,0.06094988435506821
4226,0.07657110691070557
4227,-0.007290191482752562
4228,0.0033978745341300964
4229,-0.03346382454037666
4230,0.019169386476278305
4231,-0.01841541938483715
4232,-0.0520906075835228
4233,-0.0527380034327507
4234,-0.01280258595943451
4235,-0.030681617558002472
4236,-0.017386695370078087
4237,0.0435783751308918
4238,0.116266168653965
4239,0.040008239448070526
4240,0.026276564225554466
4241,-0.005444338545203209
4242,-0.02999955601990223
4243,0.0035892606247216463
4244,-0.0069872247986495495
4245,-0.04655320197343826
4246,-0.04207182675600052
4247,-0.04339607059955597
4248,-0.027915766462683678
4249,-0.05618400499224663
4250,0.0002009890740737319
4251,0.039439961314201355
4252,0.028017647564411163
4253,0.04260975494980812
4254,0.026346541941165924
4255,0.024484552443027496
4256,0.03626753017306328
4257,-0.028087181970477104
4258,-0.044511813670396805
4259,-0.032012324780225754
4260,-0.042605284601449966
4261,-0.004228958860039711
4262,-0.09963877499103546
4263,0.014837619848549366
4264,0.0035331177059561014
4265,0.047954872250556946
4266,0.0866924449801445
4267,0.09967920184135437
4268,0.09054195135831833
4269,0.04402462765574455
4270,0.059263039380311966
4271,-0.028774863108992577
4272,-0.05238251015543938
4273,-0.04294153302907944
4274,-0.08913849294185638
4275,0.0010857025627046824
4276,-0.011246523819863796
4277,0.054285526275634766
4278,0.021949362009763718
4279,0.04112175852060318
4280,0.0775170847773552
4281,0.10022758692502975
4282,0.05059495568275452
4283,0.055660802870988846
4284,0.01038228441029787
4285,0.02307954616844654
4286,-0.0771808922290802
4287,-0.046924613416194916
4288,-0.10327097773551941
4289,-0.10160166770219803
4290,-0.06801313906908035
4291,-0.04638542979955673
4292,0.03261258825659752
4293,0.09314847737550735
4294,0.08926055580377579
4295,0.10861571133136749
4296,0.12639345228672028
4297,0.057218361645936966
4298,0.016209712252020836
4299,-0.03949699178338051
4300,-0.11559519916772842
4301,-0.06777568906545639
4302,-0.14867082238197327
4303,-0.06256630271673203
4304,-0.051931243389844894
4305,0.023899145424365997
4306,0.03243137151002884
4307,0.04801641404628754
4308,0.10775404423475266
4309,0.08541502058506012
4310,0.08150099217891693
4311,0.05510413274168968
4312,0.0052848076447844505
4313,-0.043548259884119034
4314,-0.10327794402837753
4315,-0.10934846103191376
4316,-0.1727650910615921
4317,-0.0964893326163292
4318,-0.09209007769823074
4319,0.02500884234905243
4320,0.07960595935583115
4321,0.02559385634958744
4322,0.11488495767116547
4323,0.11135782301425934
4324,0.06525589525699615
4325,0.07434411346912384
4326,-0.006119689904153347
4327,-0.09836794435977936
4328,-0.09817270934581757
4329,-0.12204951047897339
4330,-0.1186240166425705
4331,-0.13852232694625854
4332,-0.04210774227976799
4333,0.01535306591540575
4334,0.015008182264864445
4335,0.07668184489011765
4336,0.12245361506938934
4337,0.1116347685456276
4338,0.1588575392961502
4339,0.06894233822822571
4340,-0.02478569932281971
4341,-0.0772835910320282
4342,-0.1046733409166336
4343,-0.06344518810510635
4344,-0.14087627828121185
4345,-0.10770325362682343
4346,-0.04930409416556358
4347,-0.0053920503705739975
4348,0.1265345960855484
4349,0.09373081475496292
4350,0.16228781640529633
4351,0.14737023413181305
4352,0.1351606547832489
4353,0.031373701989650726
4354,0.05571768432855606
4355,-0.0664546862244606
4356,-0.11560329794883728
4357,-0.1758376508951187
4358,-0.17158211767673492
4359,-0.10460079461336136
4360,-0.03893086314201355
4361,0.021613452583551407
4362,0.1039939895272255
4363,0.14523719251155853
4364,0.156647190451622
4365,0.18201898038387299
4366,0.14433667063713074
4367,0.06725897639989853
4368,0.020894642919301987
4369,-0.03429388999938965
4370,-0.12416054308414459
4371,-0.17465738952159882
4372,-0.14268377423286438
4373,-0.07449627667665482
4374,-0.0782332569360733
4375,0.0001768297515809536
4376,0.07413843274116516
4377,0.1755019873380661
4378,0.11720049381256104
4379,0.1826244294643402
4380,0.17225529253482819
4381,0.04903724044561386
4382,0.03947275131940842
4383,-0.06776367127895355
4384,-0.16311247646808624
4385,-0.17469888925552368
4386,-0.22516174614429474
4387,-0.1583954095840454
4388,-0.02002866007387638
4389,-0.019170433282852173
4390,0.14498083293437958
4391,0.15223751962184906
4392,0.21932494640350342
4393,0.1879875361919403
4394,0.07908753305673599
4395,0.05892062932252884
4396,-0.004596411716192961
4397,-0.1302219033241272
4398,-0.20336072146892548
4399,-0.18731047213077545
4400,-0.21375416219234467
4401,-0.2020646631717682
4402,-0.09774817526340485
4403,0.038968004286289215
4404,0.0877603143453598
4405,0.19944225251674652
4406,0.25306767225265503
4407,0.20289725065231323
4408,0.122102752327919
4409,0.03915541246533394
4410,-0.016996942460536957
4411,-0.08205009996891022
4412,-0.17199267446994781
4413,-0.19992093741893768
4414,-0.22291259467601776
4415,-0.15172095596790314
4416,-0.09316548705101013
4417,0.009717878885567188
4418,0.07645320147275925
4419,0.14176030457019806
4420,0.2110978662967682
4421,0.18410678207874298
4422,0.13664010167121887
4423,0.09982100129127502
4424,-0.026192402467131615
4425,-0.03476504608988762
4426,-0.1701953113079071
4427,-0.2538917064666748
4428,-0.2017401158809662
4429,-0.15928713977336884
4430,-0.10075630247592926
4431,0.059771858155727386
4432,0.10612596571445465
4433,0.11548391729593277
4434,0.2681718170642853
4435,0.2143225371837616
4436,0.21907272934913635
4437,0.06101858243346214
4438,-0.06607193499803543
4439,-0.09035680443048477
4440,-0.24893628060817719
4441,-0.24780859053134918
4442,-0.19711405038833618
4443,-0.17546024918556213
4444,-0.08306959271430969
4445,0.03786730393767357
4446,0.16963370144367218
4447,0.20208415389060974
4448,0.2818892002105713
4449,0.2656804025173187
4450,0.2531750500202179
4451,0.070514015853405
4452,-0.0666312724351883
4453,-0.13026799261569977
4454,-0.24799643456935883
4455,-0.2646472454071045
4456,-0.2521408796310425
4457,-0.15232719480991364
4458,-0.10008133947849274
4459,0.041040435433387756
4460,0.08387499302625656
4461,0.21934203803539276
4462,0.32924479246139526
4463,0.2434019148349762
4464,0.1703987717628479
4465,0.04340856894850731
4466,-0.03126881644129753
4467,-0.16341957449913025
4468,-0.291780024766922
4469,-0.2730400562286377
4470,-0.26374271512031555
4471,-0.17275691032409668
4472,-0.09855755418539047
4473,0.1058933287858963
4474,0.18959493935108185
4475,0.2629547417163849
4476,0.2874741554260254
4477,0.2718607783317566
4478,0.2249394953250885
4479,0.07040427625179291
4480,-0.026733506470918655
4481,-0.16863428056240082
4482,-0.2365066409111023
4483,-0.28864994645118713
4484,-0.288705438375473
4485,-0.260109007358551
4486,-0.06846412271261215
4487,0.08831144124269485
4488,0.1999100297689438
4489,0.304180771112442
4490,0.30900806188583374
4491,0.2829575538635254
4492,0.17805792391300201
4493,0.11700945347547531
4494,-0.06568599492311478
4495,-0.21897630393505096
4496,-0.33816930651664734
4497,-0.33788052201271057
4498,-0.25858163833618164
4499,-0.19581304490566254
4500,-0.09639815241098404
4501,0.11935912072658539
4502,0.2564416825771332
4503,0.3384957015514374
4504,0.367102712392807
4505,0.3439439535140991
4506,0.22914260625839233
4507,0.09619732201099396
4508,-0.10614942014217377
4509,-0.17818666994571686
4510,-0.31312134861946106
4511,-0.2928921580314636
4512,-0.37787190079689026
4513,-0.19468268752098083
4514,-0.0415591225028038
4515,0.07897287607192993
4516,0.24653199315071106
4517,0.3536093235015869
4518,0.3811347484588623
4519,0.30765220522880554
4520,0.21440598368644714
4521,0.09939709305763245
4522,-0.0576908178627491
4523,-0.23996847867965698
4524,-0.34006229043006897
4525,-0.3679986298084259
4526,-0.29984819889068604
4527,-0.25291675329208374
4528,-0.10628475248813629
4529,0.10672607272863388
4530,0.21991024911403656
4531,0.3360770046710968
4532,0.3867989480495453
4533,0.3524794578552246
4534,0.19157013297080994
4535,0.08780867606401443
4536,-0.1634298712015152
4537,-0.2470962256193161
4538,-0.41243475675582886
4539,-0.43264153599739075
4540,-0.32564517855644226
4541,-0.23816046118736267
4542,-0.08473307639360428
4543,0.10433120280504227
4544,0.2879413664340973
4545,0.37498143315315247
4546,0.4036741554737091
4547,0.38333550095558167
4548,0.20650789141654968
4549,0.043569691479206085
4550,-0.14103612303733826
4551,-0.24962806701660156
4552,-0.3584400415420532
4553,-0.376073956489563
4554,-0.3593495488166809
4555,-0.2345210760831833
4556,-0.02875923179090023
4557,0.12145031988620758
4558,0.3204890191555023
4559,0.42156141996383667
4560,0.40382686257362366
4561,0.36234208941459656
4562,0.22783853113651276
4563,0.10270874947309494
4564,-0.06379591673612595
4565,-0.30960217118263245
4566,-0.41112369298934937
4567,-0.5032643675804138
4568,-0.3648407459259033
4569,-0.23300230503082275
4570,-0.07900971919298172
4571,0.17337237298488617
4572,0.2708229124546051
4573,0.41686704754829407
4574,0.44896402955055237
4575,0.33990535140037537
4576,0.2596397399902344
4577,0.07435551285743713
4578,-0.199994295835495
4579,-0.371371328830719
4580,-0.4170571267604828
4581,-0.4556264877319336
4582,-0.41973796486854553
4583,-0.24370644986629486
4584,-0.041525740176439285
4585,0.16292770206928253
4586,0.36544427275657654
4587,0.45849961042404175
4588,0.5176312923431396
4589,0.4304713308811188
4590,0.25587716698646545
4591,0.06597074866294861
4592,-0.13653817772865295
4593,-0.33105918765068054
4594,-0.4956221878528595
4595,-0.448513925075531
4596,-0.3927334249019623
4597,-0.1873885691165924
4598,-0.025958355516195297
4599,0.20127949118614197
4600,0.37387654185295105
4601,0.5211814641952515
4602,0.489265114068985
4603,0.3922854959964752
4604,0.24540802836418152
4605,0.010427451692521572
4606,-0.19009459018707275
4607,-0.3760814666748047
4608,-0.4745001196861267
4609,-0.4357993006706238
4610,-0.417814165353775
4611,-0.23495684564113617
4612,-0.02419360727071762
4613,0.22479502856731415
4614,0.352394163608551
4615,0.4737711548805237
4616,0.501747190952301
4617,0.4270941913127899
4618,0.23435306549072266
4619,-0.002457118360325694
4620,-0.24048279225826263
4621,-0.38457944989204407
4622,-0.4631822407245636
4623,-0.5025566220283508
4624,-0.4099196493625641
4625,-0.22184200584888458
4626,-0.034920863807201385
4627,0.21518462896347046
4628,0.4040835201740265
4629,0.5271820425987244
4630,0.5204609632492065
4631,0.3837065100669861
4632,0.2680698037147522
4633,0.051251549273729324
4634,-0.24267825484275818
4635,-0.41243600845336914
4636,-0.5221588611602783
4637,-0.506919801235199
4638,-0.4690011441707611
4639,-0.1848125159740448
4640,-0.008102437481284142
4641,0.2831418812274933
4642,0.4391837418079376
4643,0.5302985310554504
4644,0.5351344347000122
4645,0.45569998025894165
4646,0.20592693984508514
4647,-0.0238497257232666
4648,-0.2702930271625519
4649,-0.5006635189056396
4650,-0.5147372484207153
4651,-0.5307112336158752
4652,-0.43336325883865356
4653,-0.1952679604291916
4654,-0.009190353564918041
4655,0.2644105553627014
4656,0.5134642720222473
4657,0.5948486328125
4658,0.4898774027824402
4659,0.33645641803741455
4660,0.1971215009689331
4661,0.005183129571378231
4662,-0.2917417883872986
4663,-0.4807935953140259
4664,-0.5588533878326416
4665,-0.5915846824645996
4666,-0.43347787857055664
4667,-0.20230285823345184
4668,0.04806074872612953
4669,0.3005627691745758
4670,0.468807190656662
4671,0.604097843170166
4672,0.5604037642478943
4673,0.4822029173374176
4674,0.30070075392723083
4675,-0.06388185173273087
4676,-0.3651905655860901
4677,-0.5122783780097961
4678,-0.5888468623161316
4679,-0.5497410893440247
4680,-0.41361409425735474
4681,-0.24437248706817627
4682,0.025758177042007446
4683,0.3493939936161041
4684,0.4794204831123352
4685,0.6442480683326721
4686,0.5822508931159973
4687,0.47164151072502136
4688,0.2390178143978119
4689,-0.03435906767845154
4690,-0.2983230650424957
4691,-0.5545719861984253
4692,-0.6139008402824402
4693,-0.5962430238723755
4694,-0.44179219007492065
4695,-0.1775367707014084
4696,0.05785796791315079
4697,0.3132719397544861
4698,0.5157569050788879
4699,0.6246743202209473
4700,0.626630425453186
4701,0.42872071266174316
4702,0.24573545157909393
4703,-0.06583545356988907
4704,-0.35323643684387207
4705,-0.5902627110481262
4706,-0.6377009153366089
4707,-0.5904749035835266
4708,-0.507980465888977
4709,-0.17134463787078857
4710,0.132760152220726
4711,0.36854955554008484
4712,0.5777727365493774
4713,0.7283782958984375
4714,0.6551124453544617
4715,0.4296348989009857
4716,0.20247234404087067
4717,-0.0970308780670166
4718,-0.37497374415397644
4719,-0.6466373801231384
4720,-0.6440350413322449
4721,-0.6439573168754578
4722,-0.4529322683811188
4723,-0.2026473879814148
4724,0.12766268849372864
4725,0.37372973561286926
4726,0.5645109415054321
4727,0.6933456659317017
4728,0.6734572052955627
4729,0.4492325484752655
4730,0.2349773347377777
4731,-0.10307782888412476
4732,-0.41083794832229614
4733,-0.5552483201026917
4734,-0.7124006152153015
4735,-0.6070936918258667
4736,-0.4744652807712555
4737,-0.17541348934173584
4738,0.08353368192911148
4739,0.38206759095191956
4740,0.6455391645431519
4741,0.703786313533783
4742,0.644611120223999
4743,0.4467233121395111
4744,0.19708265364170074
4745,-0.1722867786884308
4746,-0.4532114863395691
4747,-0.6308515071868896
4748,-0.7332955002784729
4749,-0.6701636910438538
4750,-0.46216315031051636
4751,-0.18231095373630524
4752,0.13369397819042206
4753,0.4820599853992462
4754,0.6689162850379944
4755,0.7550978660583496
4756,0.6537148356437683
4757,0.4446784555912018
4758,0.1287965029478073
4759,-0.160997673869133
4760,-0.5072301626205444
4761,-0.6684889197349548
4762,-0.7050234079360962
4763,-0.6110521554946899
4764,-0.43035027384757996
4765,-0.1922231763601303
4766,0.1756940335035324
4767,0.4335789382457733
4768,0.6879753470420837
4769,0.7341520190238953
4770,0.6903013586997986
4771,0.5357018709182739
4772,0.18774889409542084
4773,-0.10147495567798615
4774,-0.4645766019821167
4775,-0.685394287109375
4776,-0.7068131566047668
4777,-0.6173955798149109
4778,-0.47405773401260376
4779,-0.15121157467365265
4780,0.13910982012748718
4781,0.47657907009124756
4782,0.7142669558525085
4783,0.753345251083374
4784,0.6563291549682617
4785,0.4137772023677826
4786,0.15773825347423553
4787,-0.16907405853271484
4788,-0.4773913323879242
4789,-0.6919597387313843
4790,-0.8030443787574768
4791,-0.6245347261428833
4792,-0.45597177743911743
4793,-0.14396093785762787
4794,0.22599279880523682
4795,0.44311273097991943
4796,0.7095659375190735
4797,0.7693695425987244
4798,0.6922398805618286
4799,0.492665559053421
4800,0.14645974338054657
4801,-0.27011528611183167
4802,-0.5309092998504639
4803,-0.7170838117599487
4804,-0.7774667143821716
4805,-0.7228866815567017
4806,-0.4998323917388916
4807,-0.10825458914041519
4808,0.23674093186855316
4809,0.5328238606452942
4810,0.6830965280532837
4811,0.8432618975639343
4812,0.6005101203918457
4813,0.4363596439361572
4814,0.17964959144592285
4815,-0.2425675243139267
4816,-0.5392143726348877
4817,-0.7816933393478394
4818,-0.7571827173233032
4819,-0.729051411151886
4820,-0.4367075562477112
4821,-0.10482169687747955
4822,0.21785227954387665
4823,0.5854776501655579
4824,0.7151411175727844
4825,0.7850748300552368
4826,0.6918510794639587
4827,0.4287182688713074
4828,0.11462561041116714
4829,-0.23329289257526398
4830,-0.5803418159484863
4831,-0.7849966287612915
4832,-0.8284552097320557
4833,-0.7058000564575195
4834,-0.413253515958786
4835,-0.09861550480127335
4836,0.2849871814250946
4837,0.5814132690429688
4838,0.7543744444847107
4839,0.8459463715553284
4840,0.6654888987541199
4841,0.4338769018650055
4842,0.1279747486114502
4843,-0.3173891603946686
4844,-0.5983719229698181
4845,-0.8380215167999268
4846,-0.8421222567558289
4847,-0.7429413199424744
4848,-0.440386563539505
4849,-0.09057436883449554
4850,0.30047890543937683
4851,0.6567533016204834
4852,0.8095424771308899
4853,0.8530998826026917
4854,0.6977285146713257
4855,0.41775333881378174
4856,0.040258754044771194
4857,-0.3625464141368866
4858,-0.6196034550666809
4859,-0.7625505924224854
4860,-0.825284481048584
4861,-0.7160865664482117
4862,-0.3708615005016327
4863,-0.06890732049942017
4864,0.3020247220993042
4865,0.597639262676239
4866,0.7927220463752747
4867,0.8380997776985168
4868,0.7605242729187012
4869,0.40912023186683655
4870,0.015437677502632141
4871,-0.3508809506893158
4872,-0.6529743671417236
4873,-0.8828749656677246
4874,-0.8473018407821655
4875,-0.6796884536743164
4876,-0.40035319328308105
4877,-0.01862662099301815
4878,0.30621057748794556
4879,0.6075000762939453
4880,0.8797997832298279
4881,0.8892284631729126
4882,0.6543225049972534
4883,0.41055458784103394
4884,0.027497710660099983
4885,-0.3407699167728424
4886,-0.6642608046531677
4887,-0.8657699227333069
4888,-0.855521559715271
4889,-0.6953072547912598
4890,-0.399924635887146
4891,-0.07221271842718124
4892,0.27951163053512573
4893,0.6587549448013306
4894,0.8108916282653809
4895,0.873615026473999
4896,0.7206557393074036
4897,0.40018290281295776
4898,-0.004705009050667286
4899,-0.37952661514282227
4900,-0.6592547297477722
4901,-0.8907754421234131
4902,-0.8427021503448486
4903,-0.6767643094062805
4904,-0.37798768281936646
4905,0.04759644716978073
4906,0.3723926246166229
4907,0.7342272400856018
4908,0.8497592210769653
4909,0.8513627052307129
4910,0.66468745470047
4911,0.3924914598464966
4912,-0.04280298948287964
4913,-0.40465179085731506
4914,-0.7515838146209717
4915,-0.8540894985198975
4916,-0.8229571580886841
4917,-0.6878490447998047
4918,-0.32282811403274536
4919,0.042146071791648865
4920,0.4835789203643799
4921,0.7318483591079712
4922,0.8471397161483765
4923,0.926091194152832
4924,0.688660204410553
4925,0.33380553126335144
4926,-0.055866315960884094
4927,-0.4795566201210022
4928,-0.7450973391532898
4929,-0.9342843294143677
4930,-0.8398388624191284
4931,-0.6700047850608826
4932,-0.40718936920166016
4933,0.0018772671464830637
4934,0.4259988069534302
4935,0.6933502554893494
4936,0.9064584374427795
4937,0.8857079148292542
4938,0.6639136672019958
4939,0.33322861790657043
4940,-0.043292418122291565
4941,-0.41256365180015564
4942,-0.7170832753181458
4943,-0.9160352349281311
4944,-0.86363685131073
4945,-0.7060785293579102
4946,-0.32926684617996216
4947,0.04067828506231308
4948,0.48926249146461487
4949,0.735461413860321
4950,0.8951234817504883
4951,0.8910144567489624
4952,0.6971412301063538
4953,0.2902439534664154
4954,-0.09688018262386322
4955,-0.4754270911216736
4956,-0.7762013077735901
4957,-0.9559450149536133
4958,-0.8899603486061096
4959,-0.6846284866333008
4960,-0.28280603885650635
4961,0.10889383405447006
4962,0.45180070400238037
4963,0.7272759079933167
4964,0.940170407295227
4965,0.9295791983604431
4966,0.6776821613311768
4967,0.34268906712532043
4968,-0.11821722984313965
4969,-0.5444090366363525
4970,-0.7808970808982849
4971,-0.9402810335159302
4972,-0.8745024800300598
4973,-0.7094572186470032
4974,-0.301867812871933
4975,0.09647732228040695
4976,0.5395731925964355
4977,0.79574054479599
4978,0.9307799935340881
4979,0.8779830932617188
4980,0.7011470794677734
4981,0.2990557849407196
4982,-0.14967358112335205
4983,-0.5578437447547913
4984,-0.8540570735931396
4985,-0.9105478525161743
4986,-0.9501842856407166
4987,-0.683660089969635
4988,-0.2697238326072693
4989,0.1739165335893631
4990,0.5344057083129883
4991,0.8556292057037354
4992,0.9823077321052551
4993,0.9251571297645569
4994,0.6541479825973511
4995,0.3289828598499298
4996,-0.14381320774555206
4997,-0.5039833188056946
4998,-0.8736279606819153
4999,-0.9354566335678101
5000,-0.9320971369743347
5001,-0.6913256645202637
5002,-0.2538522779941559
5003,0.1380777806043625
5004,0.5761925578117371
5005,0.8187899589538574
5006,1.0179013013839722
5007,0.8955271244049072
5008,0.6082335114479065
5009,0.2661883234977722
5010,-0.14614920318126678
5011,-0.5950114727020264
5012,-0.8416739702224731
5013,-0.9099599719047546
5014,-0.8654636144638062
5015,-0.6335934400558472
5016,-0.2652314305305481
5017,0.20456598699092865
5018,0.5404543280601501
5019,0.777219295501709
5020,0.9580807685852051
5021,0.8604831099510193
5022,0.682185709476471
5023,0.2452833205461502
5024,-0.225373312830925
5025,-0.628574550151825
5026,-0.8580780029296875
5027,-1.0029898881912231
5028,-0.9050616025924683
5029,-0.622236967086792
5030,-0.22449907660484314
5031,0.21416646242141724
5032,0.6116740107536316
5033,0.923580527305603
5034,1.0359305143356323
5035,0.839548647403717
5036,0.6935709714889526
5037,0.22443772852420807
5038,-0.181722953915596
5039,-0.6370431184768677
5040,-0.8780578970909119
5041,-0.9769047498703003
5042,-0.8788654208183289
5043,-0.578994631767273
5044,-0.1866048127412796
5045,0.20502512156963348
5046,0.6262224912643433
5047,0.9212149381637573
5048,1.0106879472732544
5049,0.8736253380775452
5050,0.5929142236709595
5051,0.194596529006958
5052,-0.27560949325561523
5053,-0.6742353439331055
5054,-0.8546022772789001
5055,-0.9993646144866943
5056,-0.8729931116104126
5057,-0.6113197207450867
5058,-0.14483226835727692
5059,0.3112958073616028
5060,0.643680214881897
5061,0.9281536340713501
5062,0.9709564447402954
5063,0.929639995098114
5064,0.6129737496376038
5065,0.15202055871486664
5066,-0.22845260798931122
5067,-0.6449071168899536
5068,-0.9020053744316101
5069,-0.9795907139778137
5070,-0.888233482837677
5071,-0.5884141325950623
5072,-0.14291119575500488
5073,0.280475378036499
5074,0.6414268612861633
5075,0.9856521487236023
5076,0.989261269569397
5077,0.8513917326927185
5078,0.5469905734062195
5079,0.17535299062728882
5080,-0.25998455286026
5081,-0.6677571535110474
5082,-0.8999588489532471
5083,-1.0367895364761353
5084,-0.8704432249069214
5085,-0.5689564347267151
5086,-0.13901522755622864
5087,0.3194606900215149
5088,0.6273067593574524
5089,1.0290799140930176
5090,0.9699193239212036
5091,0.8685823678970337
5092,0.5744582414627075
5093,0.15717117488384247
5094,-0.30514442920684814
5095,-0.7810982465744019
5096,-0.9691202640533447
5097,-0.9692946672439575
5098,-0.8769922852516174
5099,-0.568474531173706
5100,-0.18743307888507843
5101,0.36347997188568115
5102,0.7210780382156372
5103,0.9173262119293213
5104,0.9903982877731323
5105,0.8434727191925049
5106,0.4964207112789154
5107,0.09956375509500504
5108,-0.32805198431015015
5109,-0.6954353451728821
5110,-0.9081411957740784
5111,-0.9904292821884155
5112,-0.8523885607719421
5113,-0.506177544593811
5114,-0.11330371350049973
5115,0.31088852882385254
5116,0.7562324404716492
5117,0.9400913715362549
5118,0.9950463771820068
5119,0.8531200885772705
5120,0.47641605138778687
5121,0.10333627462387085
5122,-0.3445870280265808
5123,-0.7316653728485107
5124,-0.9419876933097839
5125,-1.0112017393112183
5126,-0.8920103907585144
5127,-0.5068122148513794
5128,-0.0986173003911972
5129,0.39611056447029114
5130,0.7455664873123169
5131,0.9422237873077393
5132,0.9889643788337708
5133,0.8606379628181458
5134,0.523131787776947
5135,0.07176069915294647
5136,-0.36671504378318787
5137,-0.7523940801620483
5138,-0.9637733101844788
5139,-0.9663573503494263
5140,-0.8153696656227112
5141,-0.4685463011264801
5142,-0.0814259797334671
5143,0.34112027287483215
5144,0.70131915807724
5145,0.9502080678939819
5146,1.0220881700515747
5147,0.8408015966415405
5148,0.43791696429252625
5149,-0.009461784735321999
5150,-0.376782089471817
5151,-0.7443599700927734
5152,-1.0055440664291382
5153,-0.9463978409767151
5154,-0.7913331389427185
5155,-0.416353702545166
5156,-0.014336599968373775
5157,0.43841758370399475
5158,0.7754704356193542
5159,0.9385563731193542
5160,0.9685593247413635
5161,0.7691003680229187
5162,0.4709290862083435
5163,-0.01604492962360382
5164,-0.46683573722839355
5165,-0.7507967948913574
5166,-0.933235764503479
5167,-0.9274389743804932
5168,-0.7474676370620728
5169,-0.47930654883384705
5170,-0.022281602025032043
5171,0.4150156080722809
5172,0.7774316668510437
5173,0.9048197269439697
5174,0.9671027660369873
5175,0.7807535529136658
5176,0.3950759172439575
5177,-0.0059434291906654835
5178,-0.4046241044998169
5179,-0.78172767162323
5180,-0.9376787543296814
5181,-0.931713879108429
5182,-0.7506023645401001
5183,-0.40005871653556824
5184,0.01057160273194313
5185,0.48772212862968445
5186,0.7750688791275024
5187,0.9494365453720093
5188,0.9791044592857361
5189,0.7327232360839844
5190,0.41358113288879395
5191,-0.0008233286207541823
5192,-0.4566023647785187
5193,-0.7904242277145386
5194,-0.9420197606086731
5195,-0.92936772108078
5196,-0.790662407875061
5197,-0.42784661054611206
5198,0.08465974032878876
5199,0.48050457239151
5200,0.7366994023323059
5201,0.9294757843017578
5202,0.9479987621307373
5203,0.7063409090042114
5204,0.39184319972991943
5205,-0.05280989781022072
5206,-0.46192845702171326
5207,-0.837674081325531
5208,-0.9495168328285217
5209,-0.8815585374832153
5210,-0.7487705945968628
5211,-0.3255636692047119
5212,0.0969972237944603
5213,0.505667507648468
5214,0.8059265613555908
5215,0.9333130121231079
5216,0.9090135097503662
5217,0.7390767931938171
5218,0.3838503658771515
5219,-0.04073789343237877
5220,-0.4645273983478546
5221,-0.7832446694374084
5222,-0.9783397316932678
5223,-0.9637040495872498
5224,-0.6984497308731079
5225,-0.32624560594558716
5226,0.09246902167797089
5227,0.4572112560272217
5228,0.7995921969413757
5229,0.9205223321914673
5230,0.9264330267906189
5231,0.6640963554382324
5232,0.32580992579460144
5233,-0.08971787989139557
5234,-0.5050599575042725
5235,-0.7757720947265625
5236,-0.994258463382721
5237,-0.978931188583374
5238,-0.6551427841186523
5239,-0.2753061354160309
5240,0.15473583340644836
5241,0.5268410444259644
5242,0.8373438715934753
5243,0.9637832641601562
5244,0.8687455654144287
5245,0.6572136282920837
5246,0.3219819962978363
5247,-0.1381119191646576
5248,-0.46666762232780457
5249,-0.8680860996246338
5250,-0.968420147895813
5251,-0.8647920489311218
5252,-0.6798433065414429
5253,-0.327298104763031
5254,0.09238605201244354
5255,0.5109297633171082
5256,0.8710572719573975
5257,0.9661995768547058
5258,0.9074181914329529
5259,0.636768639087677
5260,0.30853965878486633
5261,-0.13850197196006775
5262,-0.5652369856834412
5263,-0.8391518592834473
5264,-0.9422887563705444
5265,-0.8465743064880371
5266,-0.6408787369728088
5267,-0.25428417325019836
5268,0.21451829373836517
5269,0.5220873951911926
5270,0.7917169332504272
5271,0.9758481979370117
5272,0.8882640600204468
5273,0.6267669796943665
5274,0.2672496736049652
5275,-0.1718921959400177
5276,-0.5347276329994202
5277,-0.8379991054534912
5278,-0.9159559011459351
5279,-0.8993278741836548
5280,-0.6405779123306274
5281,-0.24180418252944946
5282,0.1599298119544983
5283,0.5790762901306152
5284,0.8294495940208435
5285,0.9211235046386719
5286,0.8635304570198059
5287,0.5906915068626404
5288,0.18880034983158112
5289,-0.2156863510608673
5290,-0.5856765508651733
5291,-0.8429398536682129
5292,-0.9272163510322571
5293,-0.8182967305183411
5294,-0.575883686542511
5295,-0.16791953146457672
5296,0.23176516592502594
5297,0.5636679530143738
5298,0.8807688355445862
5299,0.9626813530921936
5300,0.8249053359031677
5301,0.5923665761947632
5302,0.24486462771892548
5303,-0.1930549293756485
5304,-0.5412324666976929
5305,-0.8163681030273438
5306,-0.8978075981140137
5307,-0.835529088973999
5308,-0.5569255948066711
5309,-0.20843544602394104
5310,0.23250213265419006
5311,0.5285197496414185
5312,0.8403385877609253
5313,0.9532181024551392
5314,0.8361242413520813
5315,0.5582221746444702
5316,0.20478150248527527
5317,-0.24373957514762878
5318,-0.6057083606719971
5319,-0.8371798992156982
5320,-0.9110150933265686
5321,-0.7766236066818237
5322,-0.570792555809021
5323,-0.14412082731723785
5324,0.18275870382785797
5325,0.5640644431114197
5326,0.8267302513122559
5327,0.9375203847885132
5328,0.7795199155807495
5329,0.47021594643592834
5330,0.17799417674541473
5331,-0.23653414845466614
5332,-0.621107280254364
5333,-0.8546032309532166
5334,-0.9139447212219238
5335,-0.7814929485321045
5336,-0.49950557947158813
5337,-0.19549182057380676
5338,0.31540969014167786
5339,0.5937413573265076
5340,0.8127880692481995
5341,0.9088160395622253
5342,0.7795786261558533
5343,0.5798801183700562
5344,0.17540843784809113
5345,-0.263123482465744
5346,-0.6069985032081604
5347,-0.8337640166282654
5348,-0.8886593580245972
5349,-0.7423471212387085
5350,-0.5140558481216431
5351,-0.08018866181373596
5352,0.2601162791252136
5353,0.5964022874832153
5354,0.8471934199333191
5355,0.8138961791992188
5356,0.7258468866348267
5357,0.5028303265571594
5358,0.12040937691926956
5359,-0.26790693402290344
5360,-0.588757336139679
5361,-0.8310686349868774
5362,-0.8677493333816528
5363,-0.7807667255401611
5364,-0.5260896682739258
5365,-0.06856001913547516
5366,0.24943163990974426
5367,0.5838853120803833
5368,0.8540240526199341
5369,0.888579249382019
5370,0.7150596380233765
5371,0.44390130043029785
5372,0.09563486278057098
5373,-0.3106946051120758
5374,-0.5883362889289856
5375,-0.801605761051178
5376,-0.8418937921524048
5377,-0.6941309571266174
5378,-0.42339736223220825
5379,-0.029723182320594788
5380,0.33673208951950073
5381,0.5573701858520508
5382,0.8311699628829956
5383,0.8057090044021606
5384,0.6643637418746948
5385,0.45614543557167053
5386,0.055659543722867966
5387,-0.30494052171707153
5388,-0.5754554867744446
5389,-0.8174280524253845
5390,-0.854704737663269
5391,-0.6831021308898926
5392,-0.38334447145462036
5393,-0.04813214763998985
5394,0.2574460506439209
5395,0.5912110209465027
5396,0.7905629873275757
5397,0.8787127733230591
5398,0.7099010348320007
5399,0.43545249104499817
5400,0.09212958812713623
5401,-0.3170369267463684
5402,-0.5946035385131836
5403,-0.7730951309204102
5404,-0.8382242321968079
5405,-0.6690766215324402
5406,-0.3782760202884674
5407,-0.0760410949587822
5408,0.34005606174468994
5409,0.6342988610267639
5410,0.8158052563667297
5411,0.7781734466552734
5412,0.6617775559425354
5413,0.4287470281124115
5414,0.05982677638530731
5415,-0.3426178991794586
5416,-0.6023966073989868
5417,-0.7342637777328491
5418,-0.7913914322853088
5419,-0.6324324011802673
5420,-0.29350730776786804
5421,-0.025164039805531502
5422,0.3231702744960785
5423,0.5808153748512268
5424,0.7534293532371521
5425,0.8256416916847229
5426,0.6293755769729614
5427,0.3248865306377411
5428,-0.011281519196927547
5429,-0.32901760935783386
5430,-0.5852292776107788
5431,-0.7872740626335144
5432,-0.7472450137138367
5433,-0.6336833238601685
5434,-0.3357342481613159
5435,0.010093152523040771
5436,0.35381078720092773
5437,0.595918595790863
5438,0.7550550103187561
5439,0.7748037576675415
5440,0.5691086053848267
5441,0.3409188389778137
5442,0.013120361603796482
5443,-0.30733898282051086
5444,-0.6074658036231995
5445,-0.757818877696991
5446,-0.7435700297355652
5447,-0.6163231730461121
5448,-0.32920143008232117
5449,0.0241958349943161
5450,0.3517661988735199
5451,0.5739168524742126
5452,0.7359480261802673
5453,0.6738112568855286
5454,0.6059529781341553
5455,0.29530176520347595
5456,-0.013292834162712097
5457,-0.3799455165863037
5458,-0.6057897210121155
5459,-0.7251424193382263
5460,-0.6968032121658325
5461,-0.6102378964424133
5462,-0.2744932770729065
5463,0.023614339530467987
5464,0.3267008364200592
5465,0.6147336363792419
5466,0.7215339541435242
5467,0.7053865790367126
5468,0.5347970128059387
5469,0.29399117827415466
5470,-0.03654084727168083
5471,-0.35920506715774536
5472,-0.6274429559707642
5473,-0.7388824820518494
5474,-0.691762387752533
5475,-0.5057933330535889
5476,-0.2775959372520447
5477,0.0869629755616188
5478,0.3554127812385559
5479,0.5620746612548828
5480,0.7332768440246582
5481,0.6621302366256714
5482,0.5422340035438538
5483,0.2962719202041626
5484,-0.0627659261226654
5485,-0.3621235489845276
5486,-0.5187994837760925
5487,-0.7000761032104492
5488,-0.6726324558258057
5489,-0.49514463543891907
5490,-0.2569884955883026
5491,0.05726030468940735
5492,0.37200477719306946
5493,0.5164632201194763
5494,0.7400219440460205
5495,0.6355983018875122
5496,0.47233492136001587
5497,0.2579156756401062
5498,-0.06750915199518204
5499,-0.4011107385158539
5500,-0.5791499614715576
5501,-0.7241297364234924
5502,-0.6775996685028076
5503,-0.5380069613456726
5504,-0.25660690665245056
5505,0.08619415014982224
5506,0.36794397234916687
5507,0.5896565318107605
5508,0.7075770497322083
5509,0.6423405408859253
5510,0.4594118297100067
5511,0.21153272688388824
5512,-0.03280129283666611
5513,-0.3657059669494629
5514,-0.5675859451293945
5515,-0.6747768521308899
5516,-0.6252273321151733
5517,-0.4546603858470917
5518,-0.2105773389339447
5519,0.08298463374376297
5520,0.3433123230934143
5521,0.5461493134498596
5522,0.6736598014831543
5523,0.6416804790496826
5524,0.48149433732032776
5525,0.20031321048736572
5526,-0.11970245093107224
5527,-0.34974366426467896
5528,-0.549294114112854
5529,-0.6980339288711548
5530,-0.5840528011322021
5531,-0.42493945360183716
5532,-0.13956940174102783
5533,0.06621003895998001
5534,0.32972005009651184
5535,0.5850785374641418
5536,0.5885322690010071
5537,0.5728162527084351
5538,0.39614975452423096
5539,0.14794853329658508
5540,-0.16379116475582123
5541,-0.37638553977012634
5542,-0.5279947519302368
5543,-0.6201698184013367
5544,-0.5699136853218079
5545,-0.4280190169811249
5546,-0.12592749297618866
5547,0.12715047597885132
5548,0.39979276061058044
5549,0.5043733716011047
5550,0.6328728795051575
5551,0.5358518362045288
5552,0.41469162702560425
5553,0.16466553509235382
5554,-0.15096037089824677
5555,-0.36335310339927673
5556,-0.5107526183128357
5557,-0.5979089736938477
5558,-0.5403820872306824
5559,-0.4182392954826355
5560,-0.16986672580242157
5561,0.0886232927441597
5562,0.37164151668548584
5563,0.5746458768844604
5564,0.6153468489646912
5565,0.5453066825866699
5566,0.34666216373443604
5567,0.153326615691185
5568,-0.1338157057762146
5569,-0.4238137900829315
5570,-0.5845075249671936
5571,-0.6020655632019043
5572,-0.5596263408660889
5573,-0.3187398910522461
5574,-0.12983989715576172
5575,0.10014750063419342
5576,0.3511860966682434
5577,0.5739635825157166
5578,0.5530911684036255
5579,0.5434833765029907
5580,0.36936497688293457
5581,0.16593194007873535
5582,-0.1193392276763916
5583,-0.37620460987091064
5584,-0.5037204027175903
5585,-0.5685410499572754
5586,-0.47866448760032654
5587,-0.3461058437824249
5588,-0.053995754569768906
5589,0.13635313510894775
5590,0.37593376636505127
5591,0.4932471513748169
5592,0.5638577938079834
5593,0.4964919686317444
5594,0.3381115198135376
5595,0.13195867836475372
5596,-0.15855641663074493
5597,-0.3855842351913452
5598,-0.4720282554626465
5599,-0.5571182370185852
5600,-0.5025425553321838
5601,-0.28636375069618225
5602,-0.07284509390592575
5603,0.06766030192375183
5604,0.3475744128227234
5605,0.5220327377319336
5606,0.5633324980735779
5607,0.4556702673435211
5608,0.3570135235786438
5609,0.06528709828853607
5610,-0.15566998720169067
5611,-0.351584792137146
5612,-0.49019983410835266
5613,-0.5022153854370117
5614,-0.4270278811454773
5615,-0.299293577671051
5616,-0.03822002187371254
5617,0.1323680728673935
5618,0.3475871682167053
5619,0.5349786877632141
5620,0.5193901062011719
5621,0.4783861041069031
5622,0.275444895029068
5623,0.06590774655342102
5624,-0.1570674180984497
5625,-0.34437474608421326
5626,-0.4843130111694336
5627,-0.5031818151473999
5628,-0.4126143753528595
5629,-0.23973876237869263
5630,-0.06151045113801956
5631,0.17733736336231232
5632,0.37532728910446167
5633,0.435886412858963
5634,0.44733554124832153
5635,0.47050154209136963
5636,0.3062596321105957
5637,0.06129470467567444
5638,-0.1476045399904251
5639,-0.37086623907089233
5640,-0.4991702437400818
5641,-0.4715978801250458
5642,-0.4525007903575897
5643,-0.22708606719970703
5644,-0.07103866338729858
5645,0.17053255438804626
5646,0.3988488018512726
5647,0.5078917741775513
5648,0.4635491967201233
5649,0.4298999011516571
5650,0.21512937545776367
5651,0.028555644676089287
5652,-0.15044225752353668
5653,-0.2939726412296295
5654,-0.4583853781223297
5655,-0.44230467081069946
5656,-0.3812061548233032
5657,-0.2716284692287445
5658,-0.041880398988723755
5659,0.20934107899665833
5660,0.3303327262401581
5661,0.44941848516464233
5662,0.4736074209213257
5663,0.35208436846733093
5664,0.2623809278011322
5665,0.0783335343003273
5666,-0.1162126362323761
5667,-0.28796273469924927
5668,-0.4380187392234802
5669,-0.4534037411212921
5670,-0.38422712683677673
5671,-0.24135813117027283
5672,-0.04977186396718025
5673,0.19590984284877777
5674,0.367983877658844
5675,0.39767029881477356
5676,0.4502384066581726
5677,0.31269896030426025
5678,0.19628094136714935
5679,-0.008065231144428253
5680,-0.21419040858745575
5681,-0.31672921776771545
5682,-0.4043598473072052
5683,-0.4256395995616913
5684,-0.35349899530410767
5685,-0.22500744462013245
5686,-0.019206814467906952
5687,0.14888137578964233
5688,0.3217408061027527
5689,0.36261600255966187
5690,0.40986716747283936
5691,0.34265437722206116
5692,0.22439661622047424
5693,0.042377620935440063
5694,-0.1604408621788025
5695,-0.32925349473953247
5696,-0.4437587559223175
5697,-0.3913208544254303
5698,-0.2731045186519623
5699,-0.1279074102640152
5700,-0.08155442029237747
5701,0.1439162790775299
5702,0.29371392726898193
5703,0.3491869270801544
5704,0.3859817683696747
5705,0.306004136800766
5706,0.1538335382938385
5707,0.00016589924052823335
5708,-0.21346838772296906
5709,-0.3275788128376007
5710,-0.39762407541275024
5711,-0.34189870953559875
5712,-0.3422466516494751
5713,-0.16677477955818176
5714,0.02688596211373806
5715,0.163929283618927
5716,0.31771180033683777
5717,0.34237152338027954
5718,0.3710983395576477
5719,0.31016647815704346
5720,0.21940304338932037
5721,0.014477431774139404
5722,-0.12153122574090958
5723,-0.28702154755592346
5724,-0.34928226470947266
5725,-0.2994833290576935
5726,-0.2544553577899933
5727,-0.10133470594882965
5728,0.03307937830686569
5729,0.22752729058265686
5730,0.3537144660949707
5731,0.3185456693172455
5732,0.3920213580131531
5733,0.2752818465232849
5734,0.1511484980583191
5735,-0.018063373863697052
5736,-0.14020559191703796
5737,-0.30876001715660095
5738,-0.35507434606552124
5739,-0.3472171723842621
5740,-0.2421334981918335
5741,-0.10037821531295776
5742,0.04140929505228996
5743,0.1727159321308136
5744,0.2530316710472107
5745,0.2725582718849182
5746,0.32705411314964294
5747,0.24658794701099396
5748,0.1328841894865036
5749,0.021892862394452095
5750,-0.16389639675617218
5751,-0.26912862062454224
5752,-0.3838236927986145
5753,-0.28576523065567017
5754,-0.2320338785648346
5755,-0.13543912768363953
5756,0.03722333535552025
5757,0.12706685066223145
5758,0.24238407611846924
5759,0.3656501770019531
5760,0.31626009941101074
5761,0.25036323070526123
5762,0.1305529773235321
5763,-0.007383458316326141
5764,-0.1488858312368393
5765,-0.18208588659763336
5766,-0.2979744076728821
5767,-0.2594880163669586
5768,-0.21795539557933807
5769,-0.11030250042676926
5770,-0.04236118495464325
5771,0.09640856832265854
5772,0.29226574301719666
5773,0.33263692259788513
5774,0.2595551013946533
5775,0.20251290500164032
5776,0.11307738721370697
5777,-0.06155610829591751
5778,-0.09740695357322693
5779,-0.2693048119544983
5780,-0.2990720570087433
5781,-0.34412986040115356
5782,-0.14773043990135193
5783,-0.08558899909257889
5784,0.08359819650650024
5785,0.11903542280197144
5786,0.24278508126735687
5787,0.27149051427841187
5788,0.2580965757369995
5789,0.24745137989521027
5790,0.15026186406612396
5791,0.005518331658095121
5792,-0.15761688351631165
5793,-0.19840095937252045
5794,-0.21884892880916595
5795,-0.2245842069387436
5796,-0.1585628092288971
5797,-0.061237987130880356
5798,0.01127405185252428
5799,0.15095946192741394
5800,0.26746588945388794
5801,0.22096462547779083
5802,0.23471854627132416
5803,0.19290272891521454
5804,0.029928548261523247
5805,-0.04321679100394249
5806,-0.19095517694950104
5807,-0.2302498072385788
5808,-0.28337791562080383
5809,-0.2489168345928192
5810,-0.17369049787521362
5811,-0.07334321737289429
5812,0.03469895198941231
5813,0.06528694182634354
5814,0.2534666359424591
5815,0.2243117392063141
5816,0.18000610172748566
5817,0.13234390318393707
5818,0.06952352076768875
5819,-0.0717456042766571
5820,-0.14658351242542267
5821,-0.2130700647830963
5822,-0.20736262202262878
5823,-0.2259538322687149
5824,-0.1296832412481308
5825,-0.04486611858010292
5826,0.03812729939818382
5827,0.1681535542011261
5828,0.19287489354610443
5829,0.17941559851169586
5830,0.2032938003540039
5831,0.13934849202632904
5832,0.0495089553296566
5833,-0.03629586473107338
5834,-0.05707232281565666
5835,-0.17853935062885284
5836,-0.19229745864868164
5837,-0.19279511272907257
5838,-0.08893044292926788
5839,-0.04803074896335602
5840,0.01970936916768551
5841,0.08742155879735947
5842,0.1946456879377365
5843,0.2197505086660385
5844,0.12897124886512756
5845,0.09934557229280472
5846,0.061406973749399185
5847,-0.013293665833771229
5848,-0.16019116342067719
5849,-0.18439587950706482
5850,-0.16397519409656525
5851,-0.18408992886543274
5852,-0.12765087187290192
5853,-0.05446948856115341
5854,0.005028893705457449
5855,0.11829008162021637
5856,0.17454609274864197
5857,0.13844557106494904
5858,0.16260647773742676
5859,0.14055007696151733
5860,0.040651604533195496
5861,-0.015922121703624725
5862,-0.12976881861686707
5863,-0.11779683828353882
5864,-0.19594940543174744
5865,-0.09495702385902405
5866,-0.11439919471740723
5867,-0.052583079785108566
5868,0.017289018258452415
5869,0.09701617062091827
5870,0.13733980059623718
5871,0.14343853294849396
5872,0.1335134208202362
5873,0.11445346474647522
5874,0.05403845012187958
5875,-0.0540473647415638
5876,-0.06868625432252884
5877,-0.17566929757595062
5878,-0.1871575117111206
5879,-0.16969513893127441
5880,-0.07058808952569962
5881,-0.07115399837493896
5882,0.001419573207385838
5883,0.14004004001617432
5884,0.1904139220714569
5885,0.18856756389141083
5886,0.08321277797222137
5887,0.08292579650878906
5888,0.046416379511356354
5889,-0.040128037333488464
5890,-0.14661259949207306
5891,-0.14317169785499573
5892,-0.19187739491462708
5893,-0.15792252123355865
5894,-0.012785162776708603
5895,0.0012371684424579144
5896,-0.0020927898585796356
5897,0.04869627580046654
5898,0.13978923857212067
5899,0.11467380076646805
5900,0.13065028190612793
5901,0.052086085081100464
5902,0.010126601904630661
5903,-0.034476157277822495
5904,-0.12128040939569473
5905,-0.17796745896339417
5906,-0.16200272738933563
5907,-0.12792307138442993
5908,-0.07309050112962723
5909,-0.016191180795431137
5910,0.038053907454013824
5911,0.10109708458185196
5912,0.08671539276838303
5913,0.16015875339508057
5914,0.15959641337394714
5915,0.07228556275367737
5916,0.017139162868261337
5917,-0.0024084732867777348
5918,-0.06305759400129318
5919,-0.10257954150438309
5920,-0.11718273907899857
5921,-0.11607863008975983
5922,-0.09256283938884735
5923,0.009550423361361027
5924,0.07345453649759293
5925,0.04592851921916008
5926,0.09913679212331772
5927,0.11094937473535538
5928,0.0739460289478302
5929,0.029236536473035812
5930,-0.004115145653486252
5931,-0.09667738527059555
5932,-0.07647386938333511
5933,-0.1052093356847763
5934,-0.03525174781680107
5935,-0.05355662852525711
5936,-0.05917353928089142
5937,-0.007260265294462442
5938,0.08676076680421829
5939,0.11789057403802872
5940,0.09514801949262619
5941,0.08745353668928146
5942,0.03146607428789139
5943,0.03392859548330307
5944,-0.0005550379864871502
5945,-0.05702890455722809
5946,-0.014949914067983627
5947,-0.14127790927886963
5948,-0.09018255025148392
5949,-0.05806296318769455
5950,-0.02785726636648178
5951,0.04636112228035927
5952,-0.009475480765104294
5953,0.03949933126568794
5954,0.08136405050754547
5955,0.08299212902784348
5956,0.05228717252612114
5957,0.01335829682648182
5958,0.03419474884867668
5959,-0.06356005370616913
5960,-0.07644039392471313
5961,-0.031030310317873955
5962,-0.022239990532398224
5963,-0.033644746989011765
5964,-0.05974910035729408
5965,-0.02763253077864647
5966,0.0024843753781169653
5967,0.020318107679486275
5968,0.055375032126903534
5969,0.10567089915275574
5970,0.06047677993774414
5971,0.006951256189495325
5972,-0.02330876514315605
5973,-0.06428909301757812
5974,-0.015597058460116386
5975,-0.12454592436552048
5976,-0.05513309687376022
5977,-0.09354966133832932
5978,-0.05965627729892731
5979,-0.04521804675459862
5980,0.05497332662343979
5981,0.04433459788560867
5982,0.1399100124835968
5983,0.02553866058588028
5984,0.011532265692949295
5985,0.04118220508098602
5986,0.01514767948538065
5987,-0.03459358587861061
5988,-0.10560735315084457
5989,-0.011332294903695583
5990,-0.03647796809673309
5991,-0.03010575659573078
5992,-0.040613505989313126
5993,0.019462792202830315
5994,0.005596112925559282
5995,0.04064502567052841
5996,0.04219895601272583
5997,0.0842093974351883
5998,0.02158733829855919
5999,0.0075593977235257626
6000,0.02998926304280758
6001,-0.01653297245502472
6002,-0.03922152891755104
6003,-0.05341256037354469
6004,-0.016180455684661865
6005,-0.05427669733762741
6006,-0.004410388879477978
6007,0.06147990748286247
6008,0.030681829899549484
6009,0.00875002983957529
6010,0.002785181161016226
6011,0.041640959680080414
6012,-0.008838153444230556
6013,-0.03464556112885475
6014,-0.026900969445705414
6015,-0.05329921469092369
6016,-0.006314870901405811
6017,-0.08185719698667526
6018,0.010808296501636505
6019,-0.05081327259540558
6020,-0.011343159712851048
6021,0.02075074426829815
6022,0.021777693182229996
6023,0.04739261418581009
6024,0.001001135678961873
6025,-0.03927970677614212
6026,0.01512097381055355
6027,-0.04136580228805542
6028,-0.022179055958986282
6029,0.01071303989738226
6030,-0.032960765063762665
6031,-0.04903610423207283
6032,-0.06349588185548782
6033,-0.03140365332365036
6034,-0.017141135409474373
6035,-0.047214727848768234
6036,0.020366063341498375
6037,-0.012633880600333214
6038,0.029701782390475273
6039,0.007941719144582748
6040,0.04494021087884903
6041,0.03143630549311638
6042,-0.004725170321762562
6043,-0.018064966425299644
6044,-0.008626513183116913
6045,0.016859808936715126
6046,0.008980855345726013
6047,-0.012518483214080334
6048,0.0006213404121808708
6049,0.047935497015714645
6050,-0.03994514420628548
6051,0.03142782300710678
6052,-0.009419737383723259
6053,0.0569213405251503
6054,-0.003406022908166051
6055,0.0009450511424802244
6056,-0.036240361630916595
6057,-0.010242391377687454
6058,0.008183132857084274
6059,0.03272240236401558
6060,-0.053954482078552246
6061,-0.024928027763962746
6062,0.11194062978029251
6063,0.02978958934545517
6064,0.0074113644659519196
6065,0.027540305629372597
6066,-0.06659732758998871
6067,0.06071220338344574
6068,0.01338048093020916
6069,-0.03962528705596924
6070,0.03293783962726593
6071,-0.02602948248386383
6072,-0.04131774231791496
6073,0.0041132727637887
6074,0.0016101443907245994
6075,-0.021138861775398254
6076,-0.005227531306445599
6077,-0.038707416504621506
6078,-0.037713609635829926
6079,0.035398177802562714
6080,0.048824895173311234
6081,0.021261759102344513
6082,0.016990309581160545
6083,-0.009607996791601181
6084,-0.005354100838303566
6085,-0.032766181975603104
6086,0.046019576489925385
6087,-0.024403344839811325
6088,0.005796597804874182
6089,-0.004467921797186136
6090,-0.043710168451070786
6091,0.05937455594539642
6092,-0.007622623350471258
6093,-0.01784924417734146
6094,0.009082096628844738
6095,-0.022004513069987297
6096,0.00423300638794899
6097,-0.027582207694649696
6098,0.016007238999009132
6099,-0.0010926403338089585
6100,-0.04492896795272827
6101,0.026982445269823074
6102,0.0022396226413547993
6103,-0.03547672554850578
6104,0.010000758804380894
6105,0.013711072504520416
6106,0.05795596167445183
6107,-0.02307082526385784
6108,0.0287163145840168
6109,-0.00020631993538700044
6110,0.02030220627784729
6111,-0.0071291131898760796
6112,-0.002019124338403344
6113,0.013848609291017056
6114,-0.03731066361069679
6115,-0.06480279564857483
6116,-0.0015457954723387957
6117,-0.014084628783166409
6118,0.0026312079280614853
6119,0.01999487169086933
6120,-0.005311637185513973
6121,0.03737229108810425
6122,0.0003166950773447752
6123,0.004808985628187656
6124,0.026169143617153168
6125,0.018501192331314087
6126,-0.0021050937939435244
6127,0.0041565801948308945
6128,-0.022458691149950027
6129,-0.018117602914571762
6130,0.0035865148529410362
6131,0.02518480271100998
6132,-0.012232298031449318
6133,0.0262666717171669
6134,0.059507496654987335
6135,0.06577151268720627
6136,0.0020224889740347862
6137,0.0329522043466568
6138,0.019620336592197418
6139,0.024927344173192978
6140,0.02651894837617874
6141,0.017096539959311485
6142,0.02626100555062294
6143,0.007220457773655653
6144,-0.019553733989596367
6145,-0.005240046884864569
6146,0.04992091283202171
6147,0.01979348249733448
6148,-0.049225807189941406
6149,-0.00016970348951872438
6150,-0.01877075806260109
6151,0.004343544598668814
6152,-0.04836215451359749
6153,0.0072136446833610535
6154,0.0071673206984996796
6155,0.047527872025966644
6156,0.009828325361013412
6157,0.015557399019598961
6158,-0.044804830104112625
6159,0.06724072992801666
6160,-0.05806064233183861
6161,0.03244996815919876
6162,-0.010206302627921104
6163,-0.026202745735645294
6164,-0.01893203891813755
6165,-0.0191227737814188
6166,0.012268572114408016
6167,-0.003073787083849311
6168,0.04383787512779236
6169,-0.0562405064702034
6170,-0.0016261852579191327
6171,-0.027766961604356766
6172,0.023366710171103477
6173,-0.06223049387335777
6174,-0.008223658427596092
6175,0.008286708034574986
6176,-0.04360579699277878
6177,0.028842667117714882
6178,0.0031372711528092623
6179,0.02732854150235653
6180,0.02651602402329445
6181,-0.029907330870628357
6182,-0.02225933037698269
6183,-0.0027775177732110023
6184,0.02604062296450138
6185,0.02776603400707245
6186,-0.021595777943730354
6187,-0.021175719797611237
6188,-0.028438527137041092
6189,-0.021641472354531288
6190,-0.008928447030484676
6191,-0.002385816304013133
6192,0.06624752283096313
6193,-0.009568269364535809
6194,-0.0044053723104298115
6195,0.014580142684280872
6196,-0.031859591603279114
6197,-0.017246874049305916
6198,-0.006107207387685776
6199,0.01934811659157276
6200,-0.03875822201371193
6201,0.046474918723106384
6202,-0.0027305036783218384
6203,0.012043812312185764
6204,0.0282612182199955
6205,0.01698094792664051
6206,0.024150587618350983
6207,-0.0040667555294930935
6208,-0.0073884474113583565
6209,0.008401107974350452
6210,-0.024401076138019562
6211,0.046388693153858185
6212,-0.013044072315096855
6213,-0.03194650262594223
6214,0.060284893959760666
6215,-0.012558035552501678
6216,-0.04747594892978668
6217,0.04509072005748749
6218,-0.01391992811113596
6219,0.03645815700292587
6220,-0.013268283568322659
6221,0.0063104028813540936
6222,-0.04082171246409416
6223,-0.05601312592625618
6224,-0.037626005709171295
6225,-0.016997598111629486
6226,0.009240967221558094
6227,0.06466013193130493
6228,-0.028530756011605263
6229,0.04266876354813576
6230,-0.0008575664833188057
6231,0.010037742555141449
6232,-0.03917301446199417
6233,-0.05125429481267929
6234,-0.039848655462265015
6235,-0.054925791919231415
6236,-0.013406149111688137
6237,-0.022316189482808113
6238,0.04942188784480095
6239,0.02486264333128929
6240,0.02486741542816162
6241,0.04473046958446503
6242,0.011705073527991772
6243,-0.01828131452202797
6244,-0.026063168421387672
6245,-0.022946175187826157
6246,0.025818930938839912
6247,0.03325606882572174
6248,0.033255189657211304
6249,0.04927418380975723
6250,0.0007984163239598274
6251,0.016314372420310974
6252,-0.05858653783798218
6253,0.013609277084469795
6254,-0.023107215762138367
6255,-0.007734640501439571
6256,0.02368912659585476
6257,0.02249213680624962
6258,0.022667305544018745
6259,0.060227613896131516
6260,0.01109257061034441
6261,-0.040759410709142685
6262,-0.01578904502093792
6263,-0.08342397212982178
6264,0.02839127741754055
6265,-0.00555227929726243
6266,0.022694261744618416
6267,0.10199375450611115
6268,0.09689830243587494
6269,0.019419563934206963
6270,0.010654475539922714
6271,0.0034187412820756435
6272,0.012363680638372898
6273,-0.03413694351911545
6274,-0.004548670258373022
6275,0.05423072353005409
6276,0.0446818545460701
6277,0.06261228770017624
6278,0.04395131766796112
6279,-0.034566644579172134
6280,-0.05300681293010712
6281,-0.1218564584851265
6282,-0.04727473855018616
6283,0.02149973064661026
6284,-0.022230394184589386
6285,0.07370318472385406
6286,0.07671936601400375
6287,0.034621480852365494
6288,0.00914603378623724
6289,-0.019947897642850876
6290,-0.07096985727548599
6291,-0.05685748904943466
6292,-0.031605690717697144
6293,0.02024955116212368
6294,0.05776301026344299
6295,0.02957749366760254
6296,0.07190044969320297
6297,-0.002008727751672268
6298,-0.019690867513418198
6299,-0.033918727189302444
6300,-0.056845907121896744
6301,-0.04646708816289902
6302,-0.0017738495953381062
6303,0.011563114821910858
6304,0.03501750901341438
6305,0.051331229507923126
6306,0.06370434910058975
6307,-0.006808141246438026
6308,0.015482715331017971
6309,-0.0555419959127903
6310,-0.1444939523935318
6311,-0.03704887256026268
6312,0.06882491707801819
6313,0.054429732263088226
6314,0.05322505906224251
6315,0.023103252053260803
6316,0.04970312491059303
6317,-0.004585724789649248
6318,-0.04480594024062157
6319,-0.054285112768411636
6320,0.0036686339881271124
6321,0.03081301972270012
6322,0.013297849334776402
6323,0.09597356617450714
6324,0.06889794766902924
6325,0.022891713306307793
6326,-0.000941964506637305
6327,-0.06354716420173645
6328,-0.16527976095676422
6329,-0.009442058391869068
6330,0.02142469957470894
6331,0.03835726156830788
6332,0.06505973637104034
6333,0.0841536819934845
6334,0.005684109404683113
6335,-1.073286148312036e-05
6336,-0.06654693931341171
6337,-0.09526951611042023
6338,-0.10040081292390823
6339,-0.04863563925027847
6340,0.06276393681764603
6341,0.11553094536066055
6342,0.10394526273012161
6343,0.0617753230035305
6344,-0.017388733103871346
6345,-0.028735404834151268
6346,-0.04004428908228874
6347,-0.1365107297897339
6348,-0.013540507294237614
6349,-0.052082329988479614
6350,0.05981083959341049
6351,0.10875531286001205
6352,0.040941085666418076
6353,-0.015488633885979652
6354,-0.030536582693457603
6355,-0.061175763607025146
6356,-0.11533543467521667
6357,-0.029859546571969986
6358,-0.03105165809392929
6359,0.11202313005924225
6360,0.10497738420963287
6361,0.10629118978977203
6362,0.07159384340047836
6363,-0.007649287115782499
6364,-0.025934435427188873
6365,-0.044292837381362915
6366,-0.07490842789411545
6367,-0.036340560764074326
6368,0.008190308697521687
6369,0.07774635404348373
6370,0.11413277685642242
6371,0.07415756583213806
6372,0.0044565387070178986
6373,-0.0692753791809082
6374,-0.10031527280807495
6375,-0.15128126740455627
6376,-0.08804328739643097
6377,0.05608253553509712
6378,0.11868070811033249
6379,0.10837587714195251
6380,0.13970190286636353
6381,0.011966041289269924
6382,-0.059258539229631424
6383,-0.16892871260643005
6384,-0.10174047946929932
6385,-0.08439718931913376
6386,0.028861060738563538
6387,0.10166201740503311
6388,0.13277173042297363
6389,0.1275760680437088
6390,0.09716162830591202
6391,-0.03300778195261955
6392,-0.110947385430336
6393,-0.13664890825748444
6394,-0.0859079360961914
6395,-0.004478930030018091
6396,0.11886168271303177
6397,0.12704810500144958
6398,0.17956261336803436
6399,0.07214103639125824
6400,0.01905052550137043
6401,-0.08748272806406021
6402,-0.09198807924985886
6403,-0.11521992087364197
6404,-0.07676336169242859
6405,0.053747497498989105
6406,0.1324351280927658
6407,0.14608359336853027
6408,0.11263329535722733
6409,0.00547944288700819
6410,0.013269683346152306
6411,-0.13881921768188477
6412,-0.12437666952610016
6413,-0.1309807151556015
6414,-0.02712775394320488
6415,0.10197999328374863
6416,0.1582350879907608
6417,0.17247998714447021
6418,0.038922905921936035
6419,-0.02506348304450512
6420,-0.08873296529054642
6421,-0.19589290022850037
6422,-0.10086087137460709
6423,-0.05885523930191994
6424,0.0937303826212883
6425,0.173028364777565
6426,0.2231803983449936
6427,0.0845346599817276
6428,-0.002169373445212841
6429,-0.08601739257574081
6430,-0.2115805596113205
6431,-0.15800593793392181
6432,-0.09460197389125824
6433,0.03174925222992897
6434,0.1735123097896576
6435,0.2087220400571823
6436,0.21795018017292023
6437,0.07283851504325867
6438,-0.05353990197181702
6439,-0.18117277324199677
6440,-0.19179511070251465
6441,-0.10404146462678909
6442,-0.05245866999030113
6443,0.18467901647090912
6444,0.17654798924922943
6445,0.1411706656217575
6446,0.05949155613780022
6447,-0.03322738781571388
6448,-0.1297307312488556
6449,-0.212967187166214
6450,-0.13413865864276886
6451,-0.028378326445817947
6452,0.07770272344350815
6453,0.2015470266342163
6454,0.20096810162067413
6455,0.0698670968413353
6456,0.013085983693599701
6457,-0.19542855024337769
6458,-0.20534926652908325
6459,-0.21465331315994263
6460,-0.09686796367168427
6461,0.05078928917646408
6462,0.20763206481933594
6463,0.18287163972854614
6464,0.15223966538906097
6465,0.07188218832015991
6466,-0.14059694111347198
6467,-0.21428453922271729
6468,-0.19371449947357178
6469,-0.13695241510868073
6470,0.04298064857721329
6471,0.14633870124816895
6472,0.25310564041137695
6473,0.198533296585083
6474,0.04622533544898033
6475,-0.03967065364122391
6476,-0.20642560720443726
6477,-0.24496057629585266
6478,-0.19312477111816406
6479,-0.03437620773911476
6480,0.13267181813716888
6481,0.23868580162525177
6482,0.26273396611213684
6483,0.08534024655818939
6484,-0.046502143144607544
6485,-0.1466873437166214
6486,-0.24455395340919495
6487,-0.19549989700317383
6488,-0.02546730451285839
6489,0.10525668412446976
6490,0.23752380907535553
6491,0.25368764996528625
6492,0.22744524478912354
6493,0.047856420278549194
6494,-0.17203110456466675
6495,-0.23595450818538666
6496,-0.27849650382995605
6497,-0.09525790065526962
6498,0.06615100055932999
6499,0.19671739637851715
6500,0.25785496830940247
6501,0.16629765927791595
6502,0.09586140513420105
6503,-0.11129356920719147
6504,-0.2520825266838074
6505,-0.2502765357494354
6506,-0.20150834321975708
6507,-0.02778235264122486
6508,0.1466095894575119
6509,0.23245877027511597
6510,0.33168360590934753
6511,0.12546975910663605
6512,-0.0664033517241478
6513,-0.19327200949192047
6514,-0.38369303941726685
6515,-0.2323034107685089
6516,-0.07068321853876114
6517,0.09290469437837601
6518,0.27694761753082275
6519,0.22875894606113434
6520,0.18854711949825287
6521,0.029498761519789696
6522,-0.2524925172328949
6523,-0.33843401074409485
6524,-0.2805255651473999
6525,-0.13623136281967163
6526,0.0451945960521698
6527,0.24810221791267395
6528,0.31306177377700806
6529,0.19839157164096832
6530,0.061578139662742615
6531,-0.17963403463363647
6532,-0.35093578696250916
6533,-0.384301096200943
6534,-0.16911834478378296
6535,-0.004735853523015976
6536,0.2570091485977173
6537,0.2658553123474121
6538,0.2729251980781555
6539,0.14018698036670685
6540,-0.08870664238929749
6541,-0.2507741153240204
6542,-0.3295947313308716
6543,-0.27631840109825134
6544,-0.1396670937538147
6545,0.12004638463258743
6546,0.35279929637908936
6547,0.34332746267318726
6548,0.2378282994031906
6549,-0.034573446959257126
6550,-0.2325735241174698
6551,-0.36680760979652405
6552,-0.29532358050346375
6553,-0.13809628784656525
6554,0.10199283063411713
6555,0.3308736979961395
6556,0.31994137167930603
6557,0.28110966086387634
6558,0.014374653808772564
6559,-0.14114271104335785
6560,-0.34507158398628235
6561,-0.34835612773895264
6562,-0.20576131343841553
6563,0.06779927760362625
6564,0.23786762356758118
6565,0.3393304944038391
6566,0.27752184867858887
6567,0.14033755660057068
6568,-0.13582123816013336
6569,-0.3225572407245636
6570,-0.3733256161212921
6571,-0.2555982768535614
6572,-0.07982245087623596
6573,0.20497137308120728
6574,0.4001416563987732
6575,0.3113672733306885
6576,0.24770301580429077
6577,0.028359228745102882
6578,-0.2846297025680542
6579,-0.36499711871147156
6580,-0.37487703561782837
6581,-0.1279846876859665
6582,0.1082693338394165
6583,0.33185169100761414
6584,0.35772430896759033
6585,0.2524217367172241
6586,0.03105020895600319
6587,-0.23251090943813324
6588,-0.3960299491882324
6589,-0.38665199279785156
6590,-0.25125670433044434
6591,0.03571756184101105
6592,0.2950666546821594
6593,0.3281533122062683
6594,0.3444517254829407
6595,0.10573095828294754
6596,-0.1758023500442505
6597,-0.39425498247146606
6598,-0.43893080949783325
6599,-0.31581249833106995
6600,-0.035162702202796936
6601,0.1842527538537979
6602,0.4231362044811249
6603,0.3636248707771301
6604,0.23202243447303772
6605,-0.029022764414548874
6606,-0.34845250844955444
6607,-0.39631861448287964
6608,-0.29370149970054626
6609,-0.1465625762939453
6610,0.16875386238098145
6611,0.3658002018928528
6612,0.42796412110328674
6613,0.28752601146698
6614,0.014672106131911278
6615,-0.2279193103313446
6616,-0.3956218361854553
6617,-0.41083282232284546
6618,-0.17400486767292023
6619,0.10185173153877258
6620,0.3498382568359375
6621,0.42333564162254333
6622,0.422660768032074
6623,0.16411401331424713
6624,-0.23795056343078613
6625,-0.43068766593933105
6626,-0.46266499161720276
6627,-0.2744067907333374
6628,0.01440751925110817
6629,0.2597878575325012
6630,0.45085614919662476
6631,0.4452819526195526
6632,0.18002204596996307
6633,-0.06761351227760315
6634,-0.36271241307258606
6635,-0.4624488055706024
6636,-0.3788306415081024
6637,-0.15561452507972717
6638,0.16166973114013672
6639,0.42222005128860474
6640,0.4705544710159302
6641,0.29942193627357483
6642,0.0436251275241375
6643,-0.30167362093925476
6644,-0.5040518641471863
6645,-0.44995778799057007
6646,-0.22333920001983643
6647,0.0968405157327652
6648,0.41221773624420166
6649,0.5049285292625427
6650,0.4188600778579712
6651,0.13257798552513123
6652,-0.21623368561267853
6653,-0.41437414288520813
6654,-0.49299120903015137
6655,-0.3041834831237793
6656,-0.02995501272380352
6657,0.3167704939842224
6658,0.481605589389801
6659,0.4651188850402832
6660,0.2712244391441345
6661,-0.04606727138161659
6662,-0.37096497416496277
6663,-0.5117474794387817
6664,-0.37129294872283936
6665,-0.09936809539794922
6666,0.2138952910900116
6667,0.468645840883255
6668,0.49600422382354736
6669,0.2972014844417572
6670,0.02887929603457451
6671,-0.3529170751571655
6672,-0.5294790267944336
6673,-0.4459228217601776
6674,-0.23451659083366394
6675,0.1007482260465622
6676,0.401305615901947
6677,0.5469877123832703
6678,0.41604065895080566
6679,0.10733353346586227
6680,-0.2668323516845703
6681,-0.5222036242485046
6682,-0.49311867356300354
6683,-0.3603941798210144
6684,0.02065478079020977
6685,0.3215201795101166
6686,0.5265266299247742
6687,0.4758163392543793
6688,0.24751663208007812
6689,-0.239035502076149
6690,-0.41022464632987976
6691,-0.5789942145347595
6692,-0.4022288918495178
6693,-0.06375924497842789
6694,0.25296756625175476
6695,0.5180279612541199
6696,0.5528668761253357
6697,0.31554192304611206
6698,-0.06293822079896927
6699,-0.3789609372615814
6700,-0.5575163960456848
6701,-0.5359804034233093
6702,-0.1638331413269043
6703,0.1804506480693817
6704,0.4052872955799103
6705,0.5491629838943481
6706,0.47028517723083496
6707,0.12642279267311096
6708,-0.2890078127384186
6709,-0.5944791436195374
6710,-0.5595680475234985
6711,-0.28585731983184814
6712,0.07030538469552994
6713,0.4013269245624542
6714,0.5635042786598206
6715,0.5285625457763672
6716,0.19419778883457184
6717,-0.18217654526233673
6718,-0.4866980016231537
6719,-0.5424233078956604
6720,-0.41609838604927063
6721,-0.057073116302490234
6722,0.26912572979927063
6723,0.6043195128440857
6724,0.5965935587882996
6725,0.31844964623451233
6726,-0.14123915135860443
6727,-0.45117536187171936
6728,-0.6035284996032715
6729,-0.4483540952205658
6730,-0.17331691086292267
6731,0.23914776742458344
6732,0.5541768074035645
6733,0.6531381607055664
6734,0.39391523599624634
6735,0.028848668560385704
6736,-0.37982380390167236
6737,-0.6017138361930847
6738,-0.5925498604774475
6739,-0.31124815344810486
6740,0.062389615923166275
6741,0.4649139642715454
6742,0.604489803314209
6743,0.5859233140945435
6744,0.1690645068883896
6745,-0.15833793580532074
6746,-0.5039625763893127
6747,-0.6651350855827332
6748,-0.39988192915916443
6749,-0.020133057609200478
6750,0.3248485326766968
6751,0.6378223299980164
6752,0.5946235060691833
6753,0.32336360216140747
6754,-0.13560719788074493
6755,-0.48789483308792114
6756,-0.637380838394165
6757,-0.5337414145469666
6758,-0.19193752110004425
6759,0.25448349118232727
6760,0.5510668158531189
6761,0.6587191224098206
6762,0.35512736439704895
6763,0.07045633345842361
6764,-0.3922829031944275
6765,-0.6275518536567688
6766,-0.5823804140090942
6767,-0.3439134657382965
6768,0.1997212916612625
6769,0.4800563156604767
6770,0.686391294002533
6771,0.5463221073150635
6772,0.2041521668434143
6773,-0.2810724675655365
6774,-0.6468300819396973
6775,-0.6537705659866333
6776,-0.5050626397132874
6777,-0.013736916705965996
6778,0.40717190504074097
6779,0.713657796382904
6780,0.6124025583267212
6781,0.288592129945755
6782,-0.17316316068172455
6783,-0.5641996264457703
6784,-0.707933247089386
6785,-0.5227439403533936
6786,-0.191388338804245
6787,0.299405962228775
6788,0.5868675708770752
6789,0.6752670407295227
6790,0.43604379892349243
6791,-0.04540639743208885
6792,-0.46298807859420776
6793,-0.6858409643173218
6794,-0.6071497201919556
6795,-0.26578202843666077
6796,0.16894298791885376
6797,0.535111665725708
6798,0.662418782711029
6799,0.5689082145690918
6800,0.18130657076835632
6801,-0.31855618953704834
6802,-0.6084102988243103
6803,-0.7083041667938232
6804,-0.44055989384651184
6805,0.07375424355268478
6806,0.4415373206138611
6807,0.7298179268836975
6808,0.6512035131454468
6809,0.2908692955970764
6810,-0.14207133650779724
6811,-0.6175963282585144
6812,-0.7427575588226318
6813,-0.6113905310630798
6814,-0.15698565542697906
6815,0.3388097286224365
6816,0.6683873534202576
6817,0.7021517157554626
6818,0.4344030022621155
6819,-0.06554313004016876
6820,-0.5576770305633545
6821,-0.7288900017738342
6822,-0.6348780989646912
6823,-0.3118742108345032
6824,0.19305741786956787
6825,0.6700190305709839
6826,0.7784489393234253
6827,0.5829163789749146
6828,0.1305290013551712
6829,-0.37504974007606506
6830,-0.7196961641311646
6831,-0.7036498785018921
6832,-0.4268627166748047
6833,0.05178654566407204
6834,0.5237576961517334
6835,0.7520355582237244
6836,0.6810025572776794
6837,0.23722703754901886
6838,-0.16492986679077148
6839,-0.6730548143386841
6840,-0.7771672010421753
6841,-0.5221370458602905
6842,-0.11960942298173904
6843,0.3903120756149292
6844,0.7287210822105408
6845,0.6427043676376343
6846,0.3996395170688629
6847,-0.11478595435619354
6848,-0.5577686429023743
6849,-0.7597053050994873
6850,-0.6403430104255676
6851,-0.2090596854686737
6852,0.30744993686676025
6853,0.6991659998893738
6854,0.7787465453147888
6855,0.5812168717384338
6856,0.04724558815360069
6857,-0.4334571361541748
6858,-0.7073906064033508
6859,-0.7184991836547852
6860,-0.4500170350074768
6861,0.08911508321762085
6862,0.6038179397583008
6863,0.8128662109375
6864,0.6964705586433411
6865,0.18819402158260345
6866,-0.3262843191623688
6867,-0.7002323269844055
6868,-0.823727011680603
6869,-0.5481373071670532
6870,-0.0585637092590332
6871,0.46729350090026855
6872,0.7697018980979919
6873,0.7688320875167847
6874,0.42350924015045166
6875,-0.12378377467393875
6876,-0.638692319393158
6877,-0.772939920425415
6878,-0.6593835949897766
6879,-0.2139960676431656
6880,0.3186815083026886
6881,0.669258177280426
6882,0.8260143399238586
6883,0.5247452855110168
6884,0.004076635465025902
6885,-0.44296807050704956
6886,-0.8034539818763733
6887,-0.7497435808181763
6888,-0.362333744764328
6889,0.20105934143066406
6890,0.5737667679786682
6891,0.808008074760437
6892,0.6889466643333435
6893,0.19259300827980042
6894,-0.4359476864337921
6895,-0.7363533973693848
6896,-0.8127986788749695
6897,-0.5145841836929321
6898,-0.013109248131513596
6899,0.49558326601982117
6900,0.8225100040435791
6901,0.7648506164550781
6902,0.36426374316215515
6903,-0.16654828190803528
6904,-0.642060399055481
6905,-0.8763163089752197
6906,-0.6364955306053162
6907,-0.17050324380397797
6908,0.38755688071250916
6909,0.6820710897445679
6910,0.8351560235023499
6911,0.5296966433525085
6912,-0.029739441350102425
6913,-0.5162402391433716
6914,-0.8802756071090698
6915,-0.7326663732528687
6916,-0.35482653975486755
6917,0.18374964594841003
6918,0.7217658758163452
6919,0.8757864832878113
6920,0.677280604839325
6921,0.13994941115379333
6922,-0.3724193274974823
6923,-0.7441005706787109
6924,-0.8070616722106934
6925,-0.5640543699264526
6926,0.06365901231765747
6927,0.6087754368782043
6928,0.8799782991409302
6929,0.7625554203987122
6930,0.3085385262966156
6931,-0.25008609890937805
6932,-0.7202106714248657
6933,-0.8671243190765381
6934,-0.6474476456642151
6935,-0.18326589465141296
6936,0.36468175053596497
6937,0.7960414290428162
6938,0.8085453510284424
6939,0.5564643144607544
6940,-0.08108866959810257
6941,-0.5716944336891174
6942,-0.8477023243904114
6943,-0.8065952062606812
6944,-0.30995598435401917
6945,0.24199840426445007
6946,0.701644778251648
6947,0.85833740234375
6948,0.6620879769325256
6949,0.1728338748216629
6950,-0.49874943494796753
6951,-0.8125326037406921
6952,-0.8620204925537109
6953,-0.5309365391731262
6954,0.061294395476579666
6955,0.608941376209259
6956,0.8853152990341187
6957,0.7999662160873413
6958,0.2952108681201935
6959,-0.21386034786701202
6960,-0.7242887616157532
6961,-0.9189214706420898
6962,-0.7141847610473633
6963,-0.12365065515041351
6964,0.4520190954208374
6965,0.8710298538208008
6966,0.882389485836029
6967,0.5522236824035645
6968,-0.09394580870866776
6969,-0.6124399304389954
6970,-0.9176455736160278
6971,-0.7882448434829712
6972,-0.2617073953151703
6973,0.29242628812789917
6974,0.768713653087616
6975,0.8984618782997131
6976,0.6572126150131226
6977,0.11872392892837524
6978,-0.49493008852005005
6979,-0.9035561084747314
6980,-0.8556135296821594
6981,-0.5078168511390686
6982,0.10185924917459488
6983,0.6663322448730469
6984,0.9258536100387573
6985,0.7039343118667603
6986,0.3415210545063019
6987,-0.29811757802963257
6988,-0.735584557056427
6989,-0.8420521020889282
6990,-0.6680764555931091
6991,-0.09681233763694763
6992,0.5235631465911865
6993,0.9146713614463806
6994,0.8525855541229248
6995,0.4591199457645416
6996,-0.10474614799022675
6997,-0.7109937071800232
6998,-0.9254791140556335
6999,-0.7385080456733704
7000,-0.2802202105522156
7001,0.37029433250427246
7002,0.8106943964958191
7003,0.8765995502471924
7004,0.6124982833862305
7005,0.0501057468354702
7006,-0.5528097152709961
7007,-0.9041779637336731
7008,-0.8593778014183044
7009,-0.4473559558391571
7010,0.1645459532737732
7011,0.6914965510368347
7012,0.9340212941169739
7013,0.7519909143447876
7014,0.23181872069835663
7015,-0.3339798152446747
7016,-0.8953464031219482
7017,-0.9275203943252563
7018,-0.6719731092453003
7019,-0.05636833980679512
7020,0.5863458514213562
7021,0.9066641926765442
7022,0.9078007936477661
7023,0.40563488006591797
7024,-0.19885998964309692
7025,-0.7525797486305237
7026,-0.9574236869812012
7027,-0.7735509276390076
7028,-0.24831333756446838
7029,0.3954894542694092
7030,0.88218092918396
7031,0.9351693391799927
7032,0.6034777760505676
7033,-0.0028070120606571436
7034,-0.6170878410339355
7035,-0.983036458492279
7036,-0.9055895805358887
7037,-0.426777184009552
7038,0.14622144401073456
7039,0.7636970281600952
7040,0.9425763487815857
7041,0.7163455486297607
7042,0.18748560547828674
7043,-0.4101699888706207
7044,-0.8680083155632019
7045,-0.9381384253501892
7046,-0.5478962063789368
7047,0.0758759006857872
7048,0.5685511231422424
7049,0.9671886563301086
7050,0.8361196517944336
7051,0.3567659854888916
7052,-0.25591596961021423
7053,-0.7450801730155945
7054,-0.9828066825866699
7055,-0.760344386100769
7056,-0.14997617900371552
7057,0.4602435231208801
7058,0.8841118216514587
7059,0.9933521151542664
7060,0.5929688215255737
7061,-0.05879220739006996
7062,-0.669771671295166
7063,-0.9712695479393005
7064,-0.8550752997398376
7065,-0.35607779026031494
7066,0.2857925295829773
7067,0.7949216961860657
7068,0.9405285716056824
7069,0.7604259848594666
7070,0.1701650768518448
7071,-0.5044911503791809
7072,-0.9413877129554749
7073,-0.933748722076416
7074,-0.553742527961731
7075,0.0843924880027771
7076,0.621249794960022
7077,1.0258721113204956
7078,0.7984066009521484
7079,0.36275744438171387
7080,-0.2451936900615692
7081,-0.7793298959732056
7082,-1.0098539590835571
7083,-0.702751874923706
7084,-0.1079719141125679
7085,0.5169174075126648
7086,0.8877988457679749
7087,0.9882234930992126
7088,0.4970189929008484
7089,-0.08448616415262222
7090,-0.7135216593742371
7091,-0.9916992783546448
7092,-0.8578301668167114
7093,-0.33046624064445496
7094,0.2697577476501465
7095,0.8327010869979858
7096,1.0206351280212402
7097,0.7079153060913086
7098,0.13555949926376343
7099,-0.5077334046363831
7100,-0.9559769630432129
7101,-0.9489730596542358
7102,-0.530150294303894
7103,0.12156689912080765
7104,0.7598368525505066
7105,1.0321345329284668
7106,0.8212034106254578
7107,0.30736875534057617
7108,-0.3668627440929413
7109,-0.9166142344474792
7110,-0.947235107421875
7111,-0.6791853904724121
7112,-0.1583864539861679
7113,0.5398328304290771
7114,1.012468934059143
7115,0.9440611004829407
7116,0.5242717266082764
7117,-0.12946198880672455
7118,-0.745137095451355
7119,-1.0281182527542114
7120,-0.8540461659431458
7121,-0.297737717628479
7122,0.34915441274642944
7123,0.8794451951980591
7124,1.0365726947784424
7125,0.6942979097366333
7126,0.09734144061803818
7127,-0.5755524635314941
7128,-0.9939988255500793
7129,-0.860747218132019
7130,-0.47037798166275024
7131,0.19319334626197815
7132,0.7262619733810425
7133,0.9427250623703003
7134,0.8544889092445374
7135,0.2113466113805771
7136,-0.38788557052612305
7137,-0.8914505839347839
7138,-0.9775519371032715
7139,-0.6375377178192139
7140,-0.025047285482287407
7141,0.5199227333068848
7142,0.9913553595542908
7143,0.8588369488716125
7144,0.4902237057685852
7145,-0.19726650416851044
7146,-0.7920485734939575
7147,-1.0155601501464844
7148,-0.8437843918800354
7149,-0.2561139762401581
7150,0.43252184987068176
7151,0.9104034900665283
7152,0.9805291295051575
7153,0.6759845018386841
7154,0.03889172151684761
7155,-0.54059237241745
7156,-0.9549210071563721
7157,-0.9280298352241516
7158,-0.45930853486061096
7159,0.18298256397247314
7160,0.7630630135536194
7161,0.9944568276405334
7162,0.8082249760627747
7163,0.2538734972476959
7164,-0.4268963038921356
7165,-0.8866811990737915
7166,-0.9991456866264343
7167,-0.642566442489624
7168,-0.07611274719238281
7169,0.6001596450805664
7170,0.9594935178756714
7171,0.9759896397590637
7172,0.3852284252643585
7173,-0.23007732629776
7174,-0.7994475960731506
7175,-1.048984169960022
7176,-0.7659561634063721
7177,-0.20773927867412567
7178,0.40388306975364685
7179,0.8367012739181519
7180,0.9668560028076172
7181,0.5605523586273193
7182,-0.004996393341571093
7183,-0.6528769135475159
7184,-0.9648295640945435
7185,-0.8971825242042542
7186,-0.35865524411201477
7187,0.27499401569366455
7188,0.8483297824859619
7189,1.0012717247009277
7190,0.7245959043502808
7191,0.13908715546131134
7192,-0.48645123839378357
7193,-0.9091474413871765
7194,-0.981669008731842
7195,-0.5099942684173584
7196,0.04688311740756035
7197,0.6750524640083313
7198,0.9857141971588135
7199,0.835700273513794
7200,0.4142754375934601
7201,-0.25770431756973267
7202,-0.7885152101516724
7203,-1.0233007669448853
7204,-0.7375760674476624
7205,-0.15899614989757538
7206,0.5275824666023254
7207,0.8834738731384277
7208,0.9745706915855408
7209,0.6030875444412231
7210,-0.08520917594432831
7211,-0.7015329599380493
7212,-0.9429773092269897
7213,-0.8512095808982849
7214,-0.32233256101608276
7215,0.3247007429599762
7216,0.8609212040901184
7217,0.9863333106040955
7218,0.65623939037323
7219,0.15340499579906464
7220,-0.5303270220756531
7221,-0.9106190800666809
7222,-0.9575501084327698
7223,-0.4898811876773834
7224,0.09129104763269424
7225,0.7199996709823608
7226,1.0201915502548218
7227,0.8434802293777466
7228,0.3456597626209259
7229,-0.3212738633155823
7230,-0.8638929724693298
7231,-0.9376453161239624
7232,-0.7267193794250488
7233,-0.15565504133701324
7234,0.5153877139091492
7235,0.9409098029136658
7236,0.9346251487731934
7237,0.5095518827438354
7238,-0.13361066579818726
7239,-0.7717463374137878
7240,-0.9624968767166138
7241,-0.7730900645256042
7242,-0.3309069275856018
7243,0.2894418239593506
7244,0.8699865341186523
7245,0.97269606590271
7246,0.5578726530075073
7247,0.06232861429452896
7248,-0.591009259223938
7249,-0.9736953973770142
7250,-0.8556386232376099
7251,-0.46372631192207336
7252,0.1405690312385559
7253,0.7218660712242126
7254,1.0297832489013672
7255,0.7773039937019348
7256,0.3093135356903076
7257,-0.3825826942920685
7258,-0.8259979486465454
7259,-0.9594915509223938
7260,-0.6795588731765747
7261,-0.025497931987047195
7262,0.5822937488555908
7263,0.9985818862915039
7264,0.892917811870575
7265,0.4774889349937439
7266,-0.18671922385692596
7267,-0.6922963857650757
7268,-0.9969762563705444
7269,-0.7897584438323975
7270,-0.218062624335289
7271,0.40220487117767334
7272,0.8700603246688843
7273,0.9674280881881714
7274,0.6479995250701904
7275,0.057469356805086136
7276,-0.5872097015380859
7277,-1.0000486373901367
7278,-0.8452739715576172
7279,-0.47856810688972473
7280,0.2479000836610794
7281,0.7525003552436829
7282,1.0691893100738525
7283,0.8090969324111938
7284,0.24985209107398987
7285,-0.3730488717556
7286,-0.905968427658081
7287,-0.9389734864234924
7288,-0.6229604482650757
7289,-0.010087097994983196
7290,0.5312325358390808
7291,0.8711749315261841
7292,0.8946555852890015
7293,0.424820214509964
7294,-0.22403259575366974
7295,-0.753523051738739
7296,-0.981354296207428
7297,-0.7647907733917236
7298,-0.18876135349273682
7299,0.4140228033065796
7300,0.8891496062278748
7301,0.9108719825744629
7302,0.5332032442092896
7303,-0.03214775398373604
7304,-0.6113712787628174
7305,-0.9702866673469543
7306,-0.8656570911407471
7307,-0.4134836494922638
7308,0.26052582263946533
7309,0.7848609685897827
7310,0.9864796996116638
7311,0.7044900059700012
7312,0.19588759541511536
7313,-0.3981785178184509
7314,-0.8635824918746948
7315,-0.9208273887634277
7316,-0.5895390510559082
7317,0.06051643565297127
7318,0.6240465641021729
7319,0.9616785049438477
7320,0.8294073343276978
7321,0.43636441230773926
7322,-0.25318318605422974
7323,-0.8037890791893005
7324,-0.9362971186637878
7325,-0.691561222076416
7326,-0.12144891172647476
7327,0.4386569857597351
7328,0.8516713976860046
7329,0.893844723701477
7330,0.5280956029891968
7331,-0.12387721240520477
7332,-0.6077302098274231
7333,-0.8864392042160034
7334,-0.8386041522026062
7335,-0.3783917725086212
7336,0.2664869427680969
7337,0.7442920804023743
7338,0.9547999501228333
7339,0.663424551486969
7340,0.1554691195487976
7341,-0.5074909925460815
7342,-0.9117681384086609
7343,-0.9342510104179382
7344,-0.56007319688797
7345,0.09277298301458359
7346,0.6652207970619202
7347,0.9219991564750671
7348,0.8001343011856079
7349,0.25344884395599365
7350,-0.25521767139434814
7351,-0.8119071125984192
7352,-0.8771158456802368
7353,-0.584309458732605
7354,-0.11075779795646667
7355,0.5016273260116577
7356,0.8841145038604736
7357,0.8270636796951294
7358,0.45549556612968445
7359,-0.12237276881933212
7360,-0.6424583792686462
7361,-0.8827536106109619
7362,-0.768208384513855
7363,-0.26275184750556946
7364,0.29140016436576843
7365,0.7317110300064087
7366,0.904103696346283
7367,0.6332265138626099
7368,0.04509364441037178
7369,-0.46294718980789185
7370,-0.8902616500854492
7371,-0.8711926937103271
7372,-0.45815855264663696
7373,0.08842067420482635
7374,0.6731593608856201
7375,0.9107608795166016
7376,0.7633878588676453
7377,0.2719249129295349
7378,-0.3381430506706238
7379,-0.7993953227996826
7380,-0.8778987526893616
7381,-0.5675405859947205
7382,-0.04120885953307152
7383,0.5179688930511475
7384,0.8866015076637268
7385,0.8705376386642456
7386,0.401427298784256
7387,-0.14203394949436188
7388,-0.6207464337348938
7389,-0.9063324928283691
7390,-0.7393819093704224
7391,-0.22701263427734375
7392,0.3332587480545044
7393,0.8136522769927979
7394,0.8624775409698486
7395,0.6045326590538025
7396,0.12204694747924805
7397,-0.4793379604816437
7398,-0.888626754283905
7399,-0.8387260437011719
7400,-0.4436717629432678
7401,0.1602686643600464
7402,0.6213274598121643
7403,0.8928055763244629
7404,0.7563191652297974
7405,0.271889328956604
7406,-0.3756182789802551
7407,-0.7805308103561401
7408,-0.8613355755805969
7409,-0.5838325023651123
7410,0.031972866505384445
7411,0.5045522451400757
7412,0.80625981092453
7413,0.7980302572250366
7414,0.3993576169013977
7415,-0.1308940052986145
7416,-0.6179165244102478
7417,-0.8653148412704468
7418,-0.7413314580917358
7419,-0.17692863941192627
7420,0.3918663263320923
7421,0.8250995874404907
7422,0.7862876057624817
7423,0.4980946183204651
7424,0.04813728109002113
7425,-0.48200270533561707
7426,-0.7899071574211121
7427,-0.7640964388847351
7428,-0.3230769634246826
7429,0.17872890830039978
7430,0.6287897229194641
7431,0.8430248498916626
7432,0.6553986072540283
7433,0.19903899729251862
7434,-0.34528160095214844
7435,-0.8189530968666077
7436,-0.8062585592269897
7437,-0.49331605434417725
7438,-0.018941186368465424
7439,0.5295243859291077
7440,0.819975733757019
7441,0.753101646900177
7442,0.3102247714996338
7443,-0.23129990696907043
7444,-0.7018245458602905
7445,-0.8192787766456604
7446,-0.6383090615272522
7447,-0.1704578846693039
7448,0.4079071879386902
7449,0.7516859769821167
7450,0.7557958960533142
7451,0.5154489874839783
7452,-0.011548306792974472
7453,-0.530229926109314
7454,-0.8397021889686584
7455,-0.6834685206413269
7456,-0.3316272497177124
7457,0.1685628443956375
7458,0.6604614853858948
7459,0.8653165698051453
7460,0.5864434242248535
7461,0.14548808336257935
7462,-0.35820403695106506
7463,-0.7458382844924927
7464,-0.7828884124755859
7465,-0.4566083252429962
7466,0.07570013403892517
7467,0.5298551917076111
7468,0.8026873469352722
7469,0.7075665593147278
7470,0.2750622034072876
7471,-0.220389723777771
7472,-0.6468427181243896
7473,-0.803966760635376
7474,-0.5822875499725342
7475,-0.10454954952001572
7476,0.4015013873577118
7477,0.7337549924850464
7478,0.7175059914588928
7479,0.4319974184036255
7480,-0.05598515644669533
7481,-0.5305363535881042
7482,-0.8047233819961548
7483,-0.650976836681366
7484,-0.24608214199543
7485,0.22498922049999237
7486,0.6732848286628723
7487,0.7671732306480408
7488,0.5370953679084778
7489,0.0914805456995964
7490,-0.4216662049293518
7491,-0.7993757128715515
7492,-0.7213906049728394
7493,-0.43901151418685913
7494,0.09029696136713028
7495,0.5690849423408508
7496,0.7547786235809326
7497,0.6269304752349854
7498,0.24260474741458893
7499,-0.25202441215515137
7500,-0.6794630885124207
7501,-0.7734194397926331
7502,-0.5094525814056396
7503,-0.0181624386459589
7504,0.41882219910621643
7505,0.7446871399879456
7506,0.6795192360877991
7507,0.3777276873588562
7508,-0.10934986174106598
7509,-0.5891502499580383
7510,-0.7481403350830078
7511,-0.6229193806648254
7512,-0.29444175958633423
7513,0.272068589925766
7514,0.6534834504127502
7515,0.7375397086143494
7516,0.5047534108161926
7517,0.009994639083743095
7518,-0.4487825930118561
7519,-0.7149394154548645
7520,-0.707057535648346
7521,-0.36994728446006775
7522,0.15934331715106964
7523,0.5186502933502197
7524,0.7158835530281067
7525,0.6423929333686829
7526,0.18751752376556396
7527,-0.31789281964302063
7528,-0.6328484416007996
7529,-0.7069600224494934
7530,-0.4688246548175812
7531,-0.07780647277832031
7532,0.43467655777931213
7533,0.7030380368232727
7534,0.7141727209091187
7535,0.348010390996933
7536,-0.15297910571098328
7537,-0.5357922315597534
7538,-0.690532386302948
7539,-0.5688012838363647
7540,-0.1734519600868225
7541,0.3344218134880066
7542,0.6437466740608215
7543,0.7032635807991028
7544,0.41673189401626587
7545,0.02178085222840309
7546,-0.4858151078224182
7547,-0.6412459015846252
7548,-0.6420238018035889
7549,-0.28474634885787964
7550,0.19455644488334656
7551,0.5092083811759949
7552,0.726209282875061
7553,0.5461843013763428
7554,0.18651267886161804
7555,-0.3099271357059479
7556,-0.637586236000061
7557,-0.6244210600852966
7558,-0.4049781560897827
7559,0.011896087788045406
7560,0.39886099100112915
7561,0.7041372656822205
7562,0.5961591005325317
7563,0.27661553025245667
7564,-0.18191015720367432
7565,-0.5321317315101624
7566,-0.6503922939300537
7567,-0.5115287899971008
7568,-0.13074952363967896
7569,0.2923915982246399
7570,0.6536494493484497
7571,0.6911734938621521
7572,0.3873645067214966
7573,-0.04852375015616417
7574,-0.4207057058811188
7575,-0.692279577255249
7576,-0.5694122314453125
7577,-0.24814985692501068
7578,0.18058183789253235
7579,0.5766520500183105
7580,0.7050243616104126
7581,0.500680148601532
7582,0.10163009911775589
7583,-0.2792494297027588
7584,-0.5597642660140991
7585,-0.6509435176849365
7586,-0.38916242122650146
7587,0.03315123915672302
7588,0.38105931878089905
7589,0.597316324710846
7590,0.6026043891906738
7591,0.19965557754039764
7592,-0.1570674329996109
7593,-0.5424082279205322
7594,-0.5967681407928467
7595,-0.44891244173049927
7596,-0.06377235800027847
7597,0.2752705216407776
7598,0.59178227186203
7599,0.5777093768119812
7600,0.36887553334236145
7601,-0.030391275882720947
7602,-0.41911450028419495
7603,-0.61251300573349
7604,-0.5258036255836487
7605,-0.20459407567977905
7606,0.17833106219768524
7607,0.4999522566795349
7608,0.588092565536499
7609,0.4048782289028168
7610,0.10637295991182327
7611,-0.3543004095554352
7612,-0.5274690985679626
7613,-0.5459387302398682
7614,-0.36965814232826233
7615,0.013327210210263729
7616,0.42387643456459045
7617,0.561305582523346
7618,0.5068674087524414
7619,0.22194510698318481
7620,-0.18699780106544495
7621,-0.5063638687133789
7622,-0.586989164352417
7623,-0.3643794059753418
7624,-0.06648088246583939
7625,0.37053316831588745
7626,0.6138392686843872
7627,0.5344618558883667
7628,0.3078804314136505
7629,-0.02514859288930893
7630,-0.4351409673690796
7631,-0.5568501353263855
7632,-0.442571222782135
7633,-0.20063908398151398
7634,0.2181883603334427
7635,0.4967815577983856
7636,0.5470507144927979
7637,0.43235963582992554
7638,0.04004376381635666
7639,-0.24782373011112213
7640,-0.5121474266052246
7641,-0.5366098880767822
7642,-0.2639763653278351
7643,0.06852863729000092
7644,0.4374646842479706
7645,0.5737528800964355
7646,0.41831961274147034
7647,0.14373086392879486
7648,-0.19281063973903656
7649,-0.4740027189254761
7650,-0.5627155900001526
7651,-0.32493898272514343
7652,0.016358664259314537
7653,0.2755817770957947
7654,0.5652458071708679
7655,0.43626075983047485
7656,0.25092193484306335
7657,-0.11499032378196716
7658,-0.4172893762588501
7659,-0.5231680274009705
7660,-0.45742177963256836
7661,-0.13550794124603271
7662,0.26487472653388977
7663,0.4813403785228729
7664,0.5591131448745728
7665,0.36343345046043396
7666,-0.03293314203619957
7667,-0.2599274218082428
7668,-0.47462964057922363
7669,-0.4475231468677521
7670,-0.24019643664360046
7671,0.09289976209402084
7672,0.36634933948516846
7673,0.5071751475334167
7674,0.40594482421875
7675,0.11450114101171494
7676,-0.2183338701725006
7677,-0.5074719786643982
7678,-0.5098753571510315
7679,-0.3339044153690338
7680,0.010675237514078617
7681,0.29935014247894287
7682,0.472311407327652
7683,0.4485367238521576
7684,0.1984853595495224
7685,-0.1201094388961792
7686,-0.3522477149963379
7687,-0.4912283718585968
7688,-0.4010847210884094
7689,-0.08138269186019897
7690,0.242404505610466
7691,0.45810791850090027
7692,0.429004430770874
7693,0.31910350918769836
7694,-0.00880998745560646
7695,-0.30095016956329346
7696,-0.4610331356525421
7697,-0.40459513664245605
7698,-0.1750393956899643
7699,0.16441617906093597
7700,0.3849749267101288
7701,0.4656364619731903
7702,0.372776061296463
7703,0.08361491560935974
7704,-0.18412180244922638
7705,-0.4168342351913452
7706,-0.41877123713493347
7707,-0.2810426354408264
7708,0.053202591836452484
7709,0.3211631774902344
7710,0.42355841398239136
7711,0.3864637017250061
7712,0.17661018669605255
7713,-0.16123272478580475
7714,-0.39493995904922485
7715,-0.42835626006126404
7716,-0.31224170327186584
7717,-0.02933802455663681
7718,0.1817115992307663
7719,0.39891278743743896
7720,0.36167946457862854
7721,0.29923611879348755
7722,-0.06864811480045319
7723,-0.3002139627933502
7724,-0.3692997395992279
7725,-0.32847100496292114
7726,-0.1777602881193161
7727,0.19595937430858612
7728,0.368324875831604
7729,0.3939429819583893
7730,0.3149169683456421
7731,0.07653826475143433
7732,-0.1960849165916443
7733,-0.45217496156692505
7734,-0.3408411741256714
7735,-0.27171269059181213
7736,0.035330481827259064
7737,0.33023831248283386
7738,0.4196605682373047
7739,0.3479865491390228
7740,0.1205819770693779
7741,-0.11429894715547562
7742,-0.30048269033432007
7743,-0.41530412435531616
7744,-0.2704117000102997
7745,-0.053836625069379807
7746,0.20198975503444672
7747,0.31604376435279846
7748,0.3808285892009735
7749,0.23506508767604828
7750,-0.05103890597820282
7751,-0.24784012138843536
7752,-0.38077810406684875
7753,-0.28782761096954346
7754,-0.11508775502443314
7755,0.12530609965324402
7756,0.3162497580051422
7757,0.3829687833786011
7758,0.2727067470550537
7759,0.011825772002339363
7760,-0.21194908022880554
7761,-0.39489486813545227
7762,-0.3861101269721985
7763,-0.1669224202632904
7764,0.06720520555973053
7765,0.29887232184410095
7766,0.3737509250640869
7767,0.31199783086776733
7768,0.1615057736635208
7769,-0.15710759162902832
7770,-0.3048327565193176
7771,-0.30869778990745544
7772,-0.18043838441371918
7773,-0.0034245618153363466
7774,0.20438675582408905
7775,0.3128405213356018
7776,0.3243434727191925
7777,0.17628994584083557
7778,-0.057417500764131546
7779,-0.2450924664735794
7780,-0.32905563712120056
7781,-0.29235535860061646
7782,-0.11583584547042847
7783,0.1287737637758255
7784,0.3159812092781067
7785,0.3836444914340973
7786,0.17622698843479156
7787,0.044975582510232925
7788,-0.2068256288766861
7789,-0.2904767394065857
7790,-0.24886378645896912
7791,-0.13688033819198608
7792,0.033103350549936295
7793,0.24114972352981567
7794,0.3392646014690399
7795,0.251401424407959
7796,0.07826355844736099
7797,-0.1555212438106537
7798,-0.2924826145172119
7799,-0.33003902435302734
7800,-0.1764054000377655
7801,0.006129557266831398
7802,0.21689197421073914
7803,0.26044541597366333
7804,0.27135223150253296
7805,0.11658750474452972
7806,-0.0792190432548523
7807,-0.2652035057544708
7808,-0.3271333873271942
7809,-0.19263526797294617
7810,-0.07337255775928497
7811,0.09810066223144531
7812,0.26550158858299255
7813,0.3578975200653076
7814,0.20532095432281494
7815,-0.02921699732542038
7816,-0.1940554678440094
7817,-0.28948870301246643
7818,-0.2600932717323303
7819,-0.17370551824569702
7820,0.0444381982088089
7821,0.22628358006477356
7822,0.23931600153446198
7823,0.214832603931427
7824,0.05853104218840599
7825,-0.10759370028972626
7826,-0.22682252526283264
7827,-0.2761150300502777
7828,-0.15921904146671295
7829,0.030492929741740227
7830,0.21068346500396729
7831,0.2737768292427063
7832,0.22105777263641357
7833,0.1252795159816742
7834,-0.04707241803407669
7835,-0.21368202567100525
7836,-0.25097671151161194
7837,-0.1536945402622223
7838,-0.05893439054489136
7839,0.10841776430606842
7840,0.213050976395607
7841,0.26246026158332825
7842,0.1781150847673416
7843,-0.029356908053159714
7844,-0.12024851143360138
7845,-0.26877132058143616
7846,-0.21313665807247162
7847,-0.09638261795043945
7848,0.1140618547797203
7849,0.1902063935995102
7850,0.2974766492843628
7851,0.1782476156949997
7852,-0.0008888077572919428
7853,-0.1388428956270218
7854,-0.23147331178188324
7855,-0.18247468769550323
7856,-0.14684824645519257
7857,0.021589338779449463
7858,0.22558362782001495
7859,0.24141457676887512
7860,0.1860722303390503
7861,0.061923567205667496
7862,-0.11700760573148727
7863,-0.18389321863651276
7864,-0.19467388093471527
7865,-0.17422069609165192
7866,-0.057419873774051666
7867,0.12797680497169495
7868,0.21391044557094574
7869,0.2093161940574646
7870,0.13304290175437927
7871,-0.02317294105887413
7872,-0.16647489368915558
7873,-0.18958498537540436
7874,-0.2376021295785904
7875,-0.10292232781648636
7876,0.06487549841403961
7877,0.14406520128250122
7878,0.2550748586654663
7879,0.08530356734991074
7880,0.0406196154654026
7881,-0.09839944541454315
7882,-0.18853777647018433
7883,-0.1824532449245453
7884,-0.12267189472913742
7885,0.006473321467638016
7886,0.18767507374286652
7887,0.1968805342912674
7888,0.12466748058795929
7889,0.024323750287294388
7890,-0.1162635087966919
7891,-0.1634325087070465
7892,-0.16178695857524872
7893,-0.14225074648857117
7894,-0.010719606652855873
7895,0.09390230476856232
7896,0.20822495222091675
7897,0.2014617919921875
7898,0.11954759806394577
7899,0.021785849705338478
7900,-0.17351578176021576
7901,-0.16178938746452332
7902,-0.19486358761787415
7903,-0.029793020337820053
7904,0.09353110194206238
7905,0.17973735928535461
7906,0.20068886876106262
7907,0.11531149595975876
7908,-0.008388873189687729
7909,-0.07987241446971893
7910,-0.18507330119609833
7911,-0.13784700632095337
7912,-0.10413238406181335
7913,0.042502015829086304
7914,0.13856777548789978
7915,0.14648091793060303
7916,0.1272248923778534
7917,0.07027655094861984
7918,-0.06450007855892181
7919,-0.129333958029747
7920,-0.1740432232618332
7921,-0.09938345104455948
7922,-0.04415924847126007
7923,0.07650529593229294
7924,0.19136236608028412
7925,0.16062761843204498
7926,0.07252947241067886
7927,-0.02646610327064991
7928,-0.15583300590515137
7929,-0.13949979841709137
7930,-0.15312230587005615
7931,-0.05408315360546112
7932,0.08538921922445297
7933,0.11410650610923767
7934,0.13079284131526947
7935,0.09035393595695496
7936,0.004011433571577072
7937,-0.05096086487174034
7938,-0.18745185434818268
7939,-0.13858503103256226
7940,-0.04280560091137886
7941,0.019183093681931496
7942,0.09905777871608734
7943,0.11541693657636642
7944,0.09759783744812012
7945,0.04704749584197998
7946,-0.0248342826962471
7947,-0.111276775598526
7948,-0.08920147269964218
7949,-0.07646830379962921
7950,-0.04353123903274536
7951,0.10531389713287354
7952,0.06917605549097061
7953,0.11192549020051956
7954,0.051582250744104385
7955,-0.06394893676042557
7956,-0.10557781904935837
7957,-0.13863956928253174
7958,-0.08850129693746567
7959,-0.030571458861231804
7960,0.07439124584197998
7961,0.09934508055448532
7962,0.1317654401063919
7963,0.06911179423332214
7964,0.0015107605140656233
7965,-0.0728669986128807
7966,-0.12609487771987915
7967,-0.06754922866821289
7968,-0.0262542013078928
7969,-0.03290138766169548
7970,0.05621575936675072
7971,0.15808232128620148
7972,0.07305797934532166
7973,0.09702526032924652
7974,-0.04006287455558777
7975,-0.08517914265394211
7976,-0.11323912441730499
7977,-0.06477966904640198
7978,0.012429507449269295
7979,0.09563607722520828
7980,0.10318969935178757
7981,0.08569327741861343
7982,0.0080588823184371
7983,-0.042877163738012314
7984,-0.0931890532374382
7985,-0.10016515105962753
7986,-0.09039720147848129
7987,-0.044085543602705
7988,0.038930654525756836
7989,0.016913525760173798
7990,0.04389561712741852
7991,0.025295883417129517
7992,0.0007165438728407025
7993,-0.08392774313688278
7994,-0.12075347453355789
7995,-0.0578681081533432
7996,-0.03537111356854439
7997,0.06381513178348541
7998,0.06318627297878265
7999,0.060976337641477585
8000,0.04557769373059273
8001,0.05592615529894829
8002,-0.0036141059827059507
8003,-0.07547064870595932
8004,-0.04951738193631172
8005,-0.08421250432729721
8006,0.04144365340471268
8007,0.06164019927382469
8008,0.07038464397192001
8009,0.060686107724905014
8010,0.02689238451421261
8011,-0.04254733398556709
8012,-0.07792909443378448
8013,-0.11055515706539154
8014,-0.010099520906805992
8015,-0.03594551980495453
8016,0.029744960367679596
8017,0.09013189375400543
8018,0.09317366033792496
8019,0.06895091384649277
8020,-0.03236975520849228
8021,-0.067386694252491
8022,-0.07389813661575317
8023,-0.11225088685750961
8024,-0.0007778981816954911
8025,-0.029417984187602997
8026,0.04368332028388977
8027,0.0793311819434166
8028,0.0572836697101593
8029,-0.016355061903595924
8030,-0.016476904973387718
8031,-0.0341983400285244
8032,-0.1093025654554367
8033,-0.04309101402759552
8034,0.0203651525080204
8035,0.046406786888837814
8036,0.04151689633727074
8037,0.033412035554647446
8038,0.07159291952848434
8039,-0.039250217378139496
8040,-0.024555440992116928
8041,-0.09253662824630737
8042,-0.026403943076729774
8043,0.01981525681912899
8044,0.010720638558268547
8045,0.023136289790272713
8046,0.08992921561002731
8047,0.01011707540601492
8048,0.013464188203215599
8049,-0.08234606683254242
8050,-0.0036154892295598984
8051,-0.09731350094079971
8052,-0.04178231209516525
8053,-0.002979454817250371
8054,0.03300490230321884
8055,0.04348425194621086
8056,0.06827469170093536
8057,0.05591890588402748
8058,0.024620186537504196
8059,-0.018991168588399887
8060,-0.0327833890914917
8061,-0.07814540714025497
8062,0.003655170788988471
8063,0.011026814579963684
8064,0.05296053737401962
8065,-0.0018396239029243588
8066,-0.017684174701571465
8067,-0.03875283524394035
8068,-0.015603174455463886
8069,-0.030866270884871483
8070,-0.051865603774785995
8071,-0.050322845578193665
8072,0.002895839512348175
8073,0.011740907095372677
8074,0.01103808730840683
8075,0.01342782098799944
8076,0.011140374466776848
8077,-0.003848867956548929
8078,-0.050632208585739136
8079,-0.04577358067035675
8080,0.03545606508851051
8081,0.004568817559629679
8082,0.0441918708384037
8083,0.03028038889169693
8084,0.025405609980225563
8085,0.042956411838531494
8086,-0.024564750492572784
8087,0.005438543390482664
8088,-0.007620369084179401
8089,-0.014439809136092663
8090,-0.0074342903681099415
8091,0.0034458721056580544
8092,0.05512624606490135
8093,0.0445144921541214
8094,-0.020583519712090492
8095,0.0006605457165278494
8096,-0.07118090987205505
8097,-0.018485698848962784
8098,0.046326037496328354
8099,-0.032768867909908295
8100,0.021476807072758675
8101,0.0011092794593423605
8102,0.018473856151103973
8103,-0.023450840264558792
8104,6.726310675730929e-05
8105,-0.080625519156456
8106,-0.024405499920248985
8107,-0.0213633980602026
8108,-0.005315303336828947
8109,0.06497904658317566
8110,-0.019027534872293472
8111,-0.005827789660543203
8112,-0.03126364201307297
8113,0.012354549951851368
8114,-0.009896931238472462
8115,-0.04767076298594475
8116,0.014400099404156208
8117,0.0024289663415402174
8118,0.043712589889764786
8119,0.030841844156384468
8120,0.013130800798535347
8121,-0.015147807076573372
8122,-0.06117599457502365
8123,-0.02406839095056057
8124,0.02099154144525528
8125,-0.017858942970633507
8126,-0.03092905506491661
8127,0.006497813388705254
8128,0.025968452915549278
8129,0.08680909872055054
8130,-0.022554682567715645
8131,-0.009016306139528751
8132,-0.03710123896598816
8133,-0.029499171301722527
8134,0.01655910722911358
8135,-0.01029948890209198
8136,-0.0445854589343071
8137,0.03980665281414986
8138,0.05473743751645088
8139,0.02644488215446472
8140,-0.027586679905653
8141,-0.03372104465961456
8142,0.030433135107159615
8143,-0.03685132414102554
8144,-0.02295486442744732
8145,-0.04579291492700577
8146,0.05405602976679802
8147,-0.017870215699076653
8148,-0.003181530861184001
8149,-0.02127894200384617
8150,-0.02193174883723259
8151,-0.03842553496360779
8152,0.025494491681456566
8153,-0.025718415156006813
8154,0.03723159804940224
8155,-0.0394786112010479
8156,0.012724879197776318
8157,0.027249684557318687
8158,-0.034409306943416595
8159,0.004309552256017923
8160,-0.020693646743893623
8161,-0.03703676909208298
8162,-0.017768537625670433
8163,-0.05892762541770935
8164,-0.012331481091678143
8165,-0.04738994687795639
8166,0.016553083434700966
8167,0.04117172583937645
8168,0.037157271057367325
8169,-0.02527996338903904
8170,-0.008629832416772842
8171,0.052273448556661606
8172,0.03235520049929619
8173,0.014267882332205772
8174,-0.06508613377809525
8175,-0.01287587359547615
8176,0.06097745522856712
8177,0.010165219195187092
8178,-0.016480203717947006
8179,-0.0013103343080729246
8180,0.06583119183778763
8181,0.03376208245754242
8182,-0.04081777483224869
8183,-0.036471180617809296
8184,-0.00216092960909009
8185,0.03435627371072769
8186,-0.02546803653240204
8187,-0.020084775984287262
8188,-0.07806773483753204
8189,-0.021866634488105774
8190,0.013724478892982006
8191,0.013766516000032425
8192,-0.024057943373918533
8193,-0.0397285521030426
8194,-0.007437822874635458
8195,0.01263662800192833
8196,0.03409085422754288
8197,0.003250118810683489
8198,-0.01668524742126465
8199,-0.023674016818404198
8200,0.022395329549908638
8201,0.04912373423576355
8202,0.008419604040682316
8203,-0.0367065891623497
8204,-0.02856648527085781
8205,0.04793337732553482
8206,0.005764817353338003
8207,-0.052389245480298996
8208,-0.0028097324538975954
8209,-0.0348997637629509
8210,-0.01858656108379364
8211,-0.014225681312382221
8212,-0.021092908456921577
8213,0.01666492410004139
8214,-0.0020294508431106806
8215,-0.017853595316410065
8216,0.012223671190440655
8217,0.024915117770433426
8218,-0.04936061426997185
8219,-0.008028351701796055
8220,-0.02995924837887287
8221,-0.0056065768003463745
8222,-0.03851006552577019
8223,0.0016154185868799686
8224,0.0003939896996598691
8225,-0.007877460680902004
8226,-0.031408924609422684
8227,-0.01353571005165577
8228,-0.03556402772665024
8229,-0.043244920670986176
8230,0.0060309008695185184
8231,-0.03123563528060913
8232,0.039307862520217896
8233,0.025823097676038742
8234,-0.05797383561730385
8235,0.006223880685865879
8236,-0.03839833661913872
8237,-0.0052216509357094765
8238,-0.0023865639232099056
8239,-0.05846143886446953
8240,-0.0010558647336438298
8241,0.0002070860646199435
8242,0.03451456129550934
8243,-0.03527221828699112
8244,0.016376463696360588
8245,-0.041883498430252075
8246,-0.017353888601064682
8247,-0.027116429060697556
8248,0.048211630433797836
8249,0.02601652778685093
8250,0.08142680674791336
8251,0.022810038179159164
8252,0.022253070026636124
8253,0.017330529168248177
8254,-0.0265708789229393
8255,-0.006645589601248503
8256,0.041764553636312485
8257,-0.006107778754085302
8258,0.012488835491240025
8259,0.0036646455992013216
8260,0.018424132838845253
8261,-0.014031468890607357
8262,-0.00841208640486002
8263,0.004871381912380457
8264,0.0026771228294819593
8265,-0.025499891489744186
8266,0.026656553149223328
8267,-0.04023601487278938
8268,-0.03706544265151024
8269,-0.037161629647016525
8270,0.033668383955955505
8271,-0.0043458775617182255
8272,-0.024654272943735123
8273,-0.03553415462374687
8274,0.004055027384310961
8275,-0.04414322227239609
8276,-0.047949373722076416
8277,0.017898699268698692
8278,-0.02485981397330761
8279,0.008698954246938229
8280,0.01615450158715248
8281,-0.00868724100291729
8282,-0.012935117818415165
8283,0.017182257026433945
8284,-0.03867727518081665
8285,-0.04831539839506149
8286,-0.046028535813093185
8287,0.019187022000551224
8288,0.018399355933070183
8289,0.025087526068091393
8290,-0.01850203238427639
8291,-0.039159905165433884
8292,-0.05414128676056862
8293,-0.03871726617217064
8294,0.003472932381555438
8295,0.009946108795702457
8296,0.03584825620055199
8297,0.08408188074827194
8298,0.02167396806180477
8299,-0.06292428076267242
8300,0.022410523146390915
8301,-0.01721007749438286
8302,-0.03995158523321152
8303,0.03614306077361107
8304,0.02367696911096573
8305,0.00572585966438055
8306,-0.005993601866066456
8307,-0.03273579850792885
8308,-0.01316690631210804
8309,0.015381165780127048
8310,-0.019840553402900696
8311,0.01207643561065197
8312,0.06197742000222206
8313,-0.03040996380150318
8314,0.010290421545505524
8315,-0.009190921671688557
8316,-0.030234618112444878
8317,-0.024645235389471054
8318,0.008551320992410183
8319,0.01841876283288002
8320,-0.021195730194449425
8321,-0.016000479459762573
8322,-0.0014903279952704906
8323,-0.006647289730608463
8324,0.03013453632593155
8325,0.04007325321435928
8326,0.05231797322630882
8327,0.0840466096997261
8328,0.021075299009680748
8329,-0.026192838326096535
8330,-0.028750693425536156
8331,-0.07198677957057953
8332,-0.02351488173007965
8333,0.051964037120342255
8334,0.07685207575559616
8335,0.10480919480323792
8336,0.027407126501202583
8337,-0.06453713029623032
8338,-0.001266380655579269
8339,-0.035542719066143036
8340,-0.07258458435535431
8341,0.0502779483795166
8342,0.05579259246587753
8343,0.01766468584537506
8344,0.038917504251003265
8345,-0.01096139196306467
8346,0.0035171140916645527
8347,-0.09217790514230728
8348,-0.0640275701880455
8349,-0.02437589131295681
8350,0.018665572628378868
8351,0.03010972961783409
8352,0.060151178389787674
8353,0.05536217615008354
8354,0.0032501204404979944
8355,-0.06895826756954193
8356,-0.07695402950048447
8357,-0.01908305659890175
8358,-0.01711493544280529
8359,0.003300347365438938
8360,-0.026255853474140167
8361,0.07201308012008667
8362,0.028374921530485153
8363,-0.03372170031070709
8364,0.026019545271992683
8365,0.04437397047877312
8366,-0.06888940930366516
8367,-0.024634337052702904
8368,-0.03414050489664078
8369,-0.008630909025669098
8370,-0.019338808953762054
8371,0.005843593273311853
8372,0.0410783551633358
8373,0.11048618704080582
8374,0.10131734609603882
8375,-0.023428451269865036
8376,-0.08371242880821228
8377,0.000691420747898519
8378,-0.09156636893749237
8379,-0.02390684373676777
8380,0.06027422472834587
8381,0.11369340121746063
8382,0.1191307082772255
8383,0.039760470390319824
8384,-0.078014075756073
8385,-0.09343139827251434
8386,-0.10236121714115143
8387,0.004100032616406679
8388,0.034909654408693314
8389,0.0663583055138588
8390,0.0911640077829361
8391,0.11764442175626755
8392,-0.029426805675029755
8393,-0.15618950128555298
8394,-0.14060530066490173
8395,-0.08869844675064087
8396,0.02608896978199482
8397,0.040606539696455
8398,0.13097500801086426
8399,0.11563510447740555
8400,0.006483323872089386
8401,-0.050659678876399994
8402,-0.03440403193235397
8403,-0.029594406485557556
8404,-0.009734944440424442
8405,0.030746420845389366
8406,0.09082602709531784
8407,0.05315330624580383
8408,0.02709752880036831
8409,-0.02992156147956848
8410,-0.024037715047597885
8411,-0.025758065283298492
8412,0.07308607548475266
8413,-0.006134808529168367
8414,0.03452624753117561
8415,0.023848097771406174
8416,-0.027838928624987602
8417,0.025220228359103203
8418,-0.04431793466210365
8419,0.05610411986708641
8420,0.0883716270327568
8421,-0.03759882226586342
8422,-0.05879472568631172
8423,-0.05086154863238335
8424,-0.11238124221563339
8425,-0.10262992233037949
8426,0.00028756060055457056
8427,0.08200535923242569
8428,0.16283166408538818
8429,0.12362030148506165
8430,0.006209106650203466
8431,-0.11754126846790314
8432,-0.16699668765068054
8433,-0.10816317051649094
8434,-0.038888588547706604
8435,0.09991300851106644
8436,0.16845114529132843
8437,0.13720843195915222
8438,0.06427920609712601
8439,-0.031884755939245224
8440,-0.1592835783958435
8441,-0.21520867943763733
8442,-0.163888618350029
8443,0.019389543682336807
8444,0.12547029554843903
8445,0.17047512531280518
8446,0.12141890078783035
8447,0.025704320520162582
8448,-0.08935592323541641
8449,-0.1260356903076172
8450,-0.10052063316106796
8451,-0.00013663238496519625
8452,0.08200373500585556
8453,0.10372000932693481
8454,0.10324032604694366
8455,0.06079360842704773
8456,-0.032667797058820724
8457,-0.04828521981835365
8458,-0.028414562344551086
8459,-0.055128030478954315
8460,-0.050185687839984894
8461,0.052648600190877914
8462,0.009319934993982315
8463,0.01696237362921238
8464,-0.042160514742136
8465,0.07281166315078735
8466,0.07131177932024002
8467,0.05206189304590225
8468,0.012562124989926815
8469,-0.03728150576353073
8470,-0.10596781224012375
8471,-0.12406670302152634
8472,-0.09694501012563705
8473,0.076429583132267
8474,0.13639254868030548
8475,0.17616337537765503
8476,0.11922375112771988
8477,-0.08517032861709595
8478,-0.13672931492328644
8479,-0.2301720827817917
8480,-0.18154014647006989
8481,-0.02498212642967701
8482,0.11428027600049973
8483,0.27170613408088684
8484,0.20096495747566223
8485,0.05040275305509567
8486,-0.13851496577262878
8487,-0.24261575937271118
8488,-0.2309860736131668
8489,-0.1439366638660431
8490,0.02166878990828991
8491,0.2549276053905487
8492,0.22828367352485657
8493,0.19751960039138794
8494,-0.018267853185534477
8495,-0.19917918741703033
8496,-0.2588925063610077
8497,-0.16120077669620514
8498,1.3591305105364881e-05
8499,0.11600646376609802
8500,0.22252847254276276
8501,0.22345389425754547
8502,0.04580013081431389
8503,-0.10038815438747406
8504,-0.16250008344650269
8505,-0.16047009825706482
8506,-0.07082149386405945
8507,0.00048026497825048864
8508,0.021245626732707024
8509,0.06984961777925491
8510,-0.05604952573776245
8511,-0.04056304320693016
8512,0.0631924420595169
8513,0.05493663623929024
8514,0.04916613921523094
8515,0.02187144011259079
8516,0.004771063569933176
8517,-0.08567661046981812
8518,-0.10547447949647903
8519,-0.08124533295631409
8520,0.06488305330276489
8521,0.14459215104579926
8522,0.16750915348529816
8523,0.08270160108804703
8524,-0.056603603065013885
8525,-0.21707487106323242
8526,-0.236149862408638
8527,-0.21685154736042023
8528,0.010166113264858723
8529,0.2724274694919586
8530,0.3166157305240631
8531,0.28542008996009827
8532,0.07882101833820343
8533,-0.15458141267299652
8534,-0.3163149058818817
8535,-0.34837037324905396
8536,-0.11994744837284088
8537,0.13353420794010162
8538,0.2805688977241516
8539,0.3234266936779022
8540,0.13403543829917908
8541,-0.1301763355731964
8542,-0.2770991623401642
8543,-0.3343793451786041
8544,-0.23006457090377808
8545,-0.014088484458625317
8546,0.19998839497566223
8547,0.2811222970485687
8548,0.2028004676103592
8549,0.03544091805815697
8550,-0.15198908746242523
8551,-0.2110070437192917
8552,-0.16794608533382416
8553,-0.05023762956261635
8554,0.047517139464616776
8555,0.11525201797485352
8556,0.13049539923667908
8557,0.0432649664580822
8558,-0.018223660066723824
8559,-0.11670075356960297
8560,-0.1066000834107399
8561,0.009965087287127972
8562,0.008895174600183964
8563,0.005611492320895195
8564,-0.055859483778476715
8565,-0.07358807325363159
8566,-0.018534444272518158
8567,0.043475598096847534
8568,0.20119376480579376
8569,0.16152791678905487
8570,0.08996504545211792
8571,-0.09311284124851227
8572,-0.24130170047283173
8573,-0.2545859217643738
8574,-0.17186014354228973
8575,0.061062898486852646
8576,0.2634224593639374
8577,0.35624954104423523
8578,0.3006121814250946
8579,-0.023705778643488884
8580,-0.2518332600593567
8581,-0.39785319566726685
8582,-0.3152187466621399
8583,-0.043598636984825134
8584,0.21569693088531494
8585,0.4476044476032257
8586,0.44649139046669006
8587,0.13040731847286224
8588,-0.1763114184141159
8589,-0.42698273062705994
8590,-0.41263267397880554
8591,-0.25139087438583374
8592,0.13788864016532898
8593,0.32687169313430786
8594,0.3538587987422943
8595,0.30802398920059204
8596,0.019690608605742455
8597,-0.22979210317134857
8598,-0.3184204697608948
8599,-0.2568221390247345
8600,-0.05348498001694679
8601,0.16801942884922028
8602,0.26245084404945374
8603,0.21942663192749023
8604,0.07068520039319992
8605,-0.07516336441040039
8606,-0.12422396242618561
8607,-0.0630531907081604
8608,0.007611048873513937
8609,-0.0023941469844430685
8610,-0.008870185352861881
8611,0.012209550477564335
8612,-0.016305670142173767
8613,0.02259029820561409
8614,0.044526565819978714
8615,0.14241543412208557
8616,0.1307106763124466
8617,0.04242148995399475
8618,-0.1841028779745102
8619,-0.22921636700630188
8620,-0.2622586488723755
8621,-0.1025049239397049
8622,0.09946388751268387
8623,0.34635308384895325
8624,0.43172794580459595
8625,0.17487472295761108
8626,-0.07988595217466354
8627,-0.3587804138660431
8628,-0.5066250562667847
8629,-0.31049779057502747
8630,-0.003750273957848549
8631,0.3976993262767792
8632,0.5523393750190735
8633,0.43851372599601746
8634,0.15584416687488556
8635,-0.27098676562309265
8636,-0.49489301443099976
8637,-0.5276767611503601
8638,-0.2129327356815338
8639,0.2250266671180725
8640,0.5063648223876953
8641,0.49967312812805176
8642,0.2884015440940857
8643,-0.12580741941928864
8644,-0.37574923038482666
8645,-0.4893118441104889
8646,-0.28142520785331726
8647,-0.01245174091309309
8648,0.24267086386680603
8649,0.3598938584327698
8650,0.317700058221817
8651,0.023784147575497627
8652,-0.16016826033592224
8653,-0.1945648342370987
8654,-0.1924380362033844
8655,-0.0064209443517029285
8656,0.05353747680783272
8657,0.08512745052576065
8658,0.06280753016471863
8659,0.060583338141441345
8660,0.023847702890634537
8661,0.06465259194374084
8662,0.1075892522931099
8663,0.04699692875146866
8664,-0.026285778731107712
8665,-0.10037816315889359
8666,-0.227035254240036
8667,-0.2162068784236908
8668,-0.041593585163354874
8669,0.17185446619987488
8670,0.38745805621147156
8671,0.35388320684432983
8672,0.17808081209659576
8673,-0.1938410997390747
8674,-0.462175190448761
8675,-0.5023186802864075
8676,-0.3067624568939209
8677,0.12206649035215378
8678,0.4881853759288788
8679,0.6225988864898682
8680,0.4663317799568176
8681,-0.038946688175201416
8682,-0.4802350103855133
8683,-0.6322289705276489
8684,-0.5002580881118774
8685,-0.06698817014694214
8686,0.3625973165035248
8687,0.6500662565231323
8688,0.553739607334137
8689,0.2585955560207367
8690,-0.1976371854543686
8691,-0.5714872479438782
8692,-0.595269501209259
8693,-0.30883529782295227
8694,0.10171423852443695
8695,0.3225129544734955
8696,0.49334245920181274
8697,0.3237791955471039
8698,0.0011426616692915559
8699,-0.25511425733566284
8700,-0.34583979845046997
8701,-0.2922297716140747
8702,-0.0445711687207222
8703,0.11787261813879013
8704,0.1662224382162094
8705,0.15133434534072876
8706,0.08887750655412674
8707,-0.06879567354917526
8708,-0.07417957484722137
8709,-0.032584771513938904
8710,0.09359707683324814
8711,-0.025364212691783905
8712,-0.12277618050575256
8713,-0.222128227353096
8714,-0.19605016708374023
8715,-0.06702885031700134
8716,0.2220224291086197
8717,0.3770822286605835
8718,0.2752143442630768
8719,0.061889078468084335
8720,-0.26959383487701416
8721,-0.501242458820343
8722,-0.4978150427341461
8723,-0.19264532625675201
8724,0.24974630773067474
8725,0.6022528409957886
8726,0.6890733242034912
8727,0.3445229232311249
8728,-0.128470316529274
8729,-0.5337783098220825
8730,-0.7302626967430115
8731,-0.5206594467163086
8732,-0.08088745921850204
8733,0.44161689281463623
8734,0.7802260518074036
8735,0.6316890120506287
8736,0.15245017409324646
8737,-0.3871193528175354
8738,-0.7546919584274292
8739,-0.6460105776786804
8740,-0.24457167088985443
8741,0.27634158730506897
8742,0.5843242406845093
8743,0.6109070777893066
8744,0.303589403629303
8745,-0.05003087967634201
8746,-0.3694974184036255
8747,-0.5223930478096008
8748,-0.31703007221221924
8749,-0.01219645980745554
8750,0.2301718145608902
8751,0.2599767744541168
8752,0.22777701914310455
8753,0.0717511996626854
8754,-0.13959790766239166
8755,-0.16275136172771454
8756,-0.1840018779039383
8757,0.0217683594673872
8758,0.011855986900627613
8759,-0.05293351411819458
8760,-0.11903379112482071
8761,-0.11214382201433182
8762,0.029010701924562454
8763,0.19840697944164276
8764,0.3110257685184479
8765,0.25794366002082825
8766,0.021146317943930626
8767,-0.25022438168525696
8768,-0.5457785725593567
8769,-0.4446951448917389
8770,-0.15233011543750763
8771,0.27331387996673584
8772,0.560294508934021
8773,0.657253623008728
8774,0.26434046030044556
8775,-0.26434051990509033
8776,-0.6707169413566589
8777,-0.81681227684021
8778,-0.465586394071579
8779,0.11287934333086014
8780,0.6787007451057434
8781,0.8900672793388367
8782,0.5873739123344421
8783,0.06930720061063766
8784,-0.5547845959663391
8785,-0.8488916158676147
8786,-0.7112727165222168
8787,-0.1724419891834259
8788,0.3610600531101227
8789,0.7689318060874939
8790,0.7515479326248169
8791,0.300133615732193
8792,-0.1662139743566513
8793,-0.6264016032218933
8794,-0.635833740234375
8795,-0.3688699007034302
8796,0.05688787251710892
8797,0.37565407156944275
8798,0.47290313243865967
8799,0.313081830739975
8800,-0.002787600737065077
8801,-0.1881997436285019
8802,-0.23733709752559662
8803,-0.23784644901752472
8804,-0.017003824934363365
8805,0.06128131225705147
8806,0.0630374476313591
8807,0.07432437688112259
8808,0.01182597130537033
8809,0.045382969081401825
8810,0.1570446938276291
8811,0.16268953680992126
8812,0.19064036011695862
8813,-0.06552513688802719
8814,-0.300383061170578
8815,-0.45289212465286255
8816,-0.3360491394996643
8817,0.026340199634432793
8818,0.4096362888813019
8819,0.68324214220047
8820,0.5740851759910583
8821,0.19487424194812775
8822,-0.3421323895454407
8823,-0.8066933155059814
8824,-0.7152864933013916
8825,-0.3881005048751831
8826,0.2298908233642578
8827,0.8413841724395752
8828,0.9778879880905151
8829,0.5312181115150452
8830,-0.13109128177165985
8831,-0.6363548040390015
8832,-0.9645367860794067
8833,-0.7579822540283203
8834,-0.08429935574531555
8835,0.6512206792831421
8836,0.9459142088890076
8837,0.7945824265480042
8838,0.26378393173217773
8839,-0.3867781460285187
8840,-0.8057616353034973
8841,-0.8009186387062073
8842,-0.31932732462882996
8843,0.18333080410957336
8844,0.5987188220024109
8845,0.6918238401412964
8846,0.37134426832199097
8847,-0.05959107354283333
8848,-0.3742435872554779
8849,-0.42346569895744324
8850,-0.25452721118927
8851,-0.06425922363996506
8852,0.17061404883861542
8853,0.25442731380462646
8854,0.1427176147699356
8855,-0.002609846880659461
8856,-0.026825247332453728
8857,-0.014140444807708263
8858,0.08360014855861664
8859,0.12643298506736755
8860,-0.07223735749721527
8861,-0.2898024916648865
8862,-0.38072243332862854
8863,-0.2592724859714508
8864,0.04796783626079559
8865,0.3994775712490082
8866,0.5818629860877991
8867,0.5009298920631409
8868,0.10431607812643051
8869,-0.47967812418937683
8870,-0.8070538640022278
8871,-0.6789511442184448
8872,-0.2784528136253357
8873,0.39908111095428467
8874,0.8786439895629883
8875,0.9157422780990601
8876,0.43267351388931274
8877,-0.3134361803531647
8878,-0.8781770467758179
8879,-1.0680830478668213
8880,-0.6857568025588989
8881,0.042663659900426865
8882,0.8100729584693909
8883,1.0035442113876343
8884,0.78346848487854
8885,0.11159675568342209
8886,-0.5890678763389587
8887,-0.9796135425567627
8888,-0.8348149061203003
8889,-0.25098758935928345
8890,0.38402655720710754
8891,0.7637844085693359
8892,0.8001073598861694
8893,0.31709739565849304
8894,-0.1441347748041153
8895,-0.5552251935005188
8896,-0.6195955872535706
8897,-0.324062317609787
8898,0.08215547353029251
8899,0.2804275453090668
8900,0.3440123200416565
8901,0.1950075328350067
8902,0.027658702805638313
8903,-0.0894954577088356
8904,-0.09711238741874695
8905,-0.0469592809677124
8906,-0.004400239791721106
8907,-0.013744493015110493
8908,-0.13614106178283691
8909,-0.23180913925170898
8910,-0.18436120450496674
8911,0.12291532754898071
8912,0.3946537971496582
8913,0.5204145312309265
8914,0.4075091779232025
8915,-0.029605964198708534
8916,-0.5448801517486572
8917,-0.7879165410995483
8918,-0.5636135339736938
8919,-0.08170904219150543
8920,0.5661524534225464
8921,0.928988516330719
8922,0.8181862831115723
8923,0.3011842966079712
8924,-0.41053882241249084
8925,-0.991825520992279
8926,-1.0663342475891113
8927,-0.5204010605812073
8928,0.28319647908210754
8929,0.9716193079948425
8930,1.1642472743988037
8931,0.7663134932518005
8932,-0.07894834131002426
8933,-0.8349234461784363
8934,-1.1121478080749512
8935,-0.8200551867485046
8936,-0.12667565047740936
8937,0.6197773814201355
8938,0.995724081993103
8939,0.8069078922271729
8940,0.29161760210990906
8941,-0.39025622606277466
8942,-0.8060252070426941
8943,-0.7243555188179016
8944,-0.3519233167171478
8945,0.2269464135169983
8946,0.5323298573493958
8947,0.5472059845924377
8948,0.2790624499320984
8949,-0.03880653530359268
8950,-0.22026664018630981
8951,-0.2886219620704651
8952,-0.1232101321220398
8953,-0.07464064657688141
8954,0.03575551137328148
8955,-0.0014373965095728636
8956,-0.07791399955749512
8957,-0.051473747938871384
8958,0.14066681265830994
8959,0.2809085547924042
8960,0.35198500752449036
8961,0.22798074781894684
8962,-0.09653648734092712
8963,-0.49621015787124634
8964,-0.6727128624916077
8965,-0.4512520730495453
8966,0.06673673540353775
8967,0.5815098285675049
8968,0.8282162547111511
8969,0.7002007365226746
8970,0.08026188611984253
8971,-0.6215475797653198
8972,-1.0954474210739136
8973,-0.9941552877426147
8974,-0.3339644968509674
8975,0.49464428424835205
8976,1.1000479459762573
8977,1.1926921606063843
8978,0.5675162672996521
8979,-0.304119735956192
8980,-0.9772236943244934
8981,-1.2354258298873901
8982,-0.8075377345085144
8983,0.1103110983967781
8984,0.8516465425491333
8985,1.169089674949646
8986,0.8761386275291443
8987,0.1697053611278534
8988,-0.6107282042503357
8989,-0.9785071611404419
8990,-0.8622592687606812
8991,-0.27365246415138245
8992,0.3595978617668152
8993,0.716446042060852
8994,0.7139559984207153
8995,0.4118245840072632
8996,-0.17138108611106873
8997,-0.40775641798973083
8998,-0.4172757565975189
8999,-0.20509657263755798
9000,-0.005141798872500658
9001,0.1990317851305008
9002,0.1688135862350464
9003,0.050577566027641296
9004,-0.00826596561819315
9005,0.06515868753194809
9006,0.2024460881948471
9007,0.25276845693588257
9008,0.17842960357666016
9009,-0.17233550548553467
9010,-0.4219949245452881
9011,-0.5398008227348328
9012,-0.2798693776130676
9013,0.16883254051208496
9014,0.6205134987831116
9015,0.7896488904953003
9016,0.5534489154815674
9017,-0.029787730425596237
9018,-0.6586829423904419
9019,-1.0232375860214233
9020,-0.8779628276824951
9021,-0.17159317433834076
9022,0.6648826599121094
9023,1.1723638772964478
9024,1.08481764793396
9025,0.43146535754203796
9026,-0.49659591913223267
9027,-1.186432123184204
9028,-1.2780917882919312
9029,-0.6423720717430115
9030,0.2360861450433731
9031,1.0416373014450073
9032,1.2584929466247559
9033,0.7601442337036133
9034,-0.048583246767520905
9035,-0.8381791710853577
9036,-1.0885446071624756
9037,-0.8458557724952698
9038,-0.2150420844554901
9039,0.5766167640686035
9040,0.9446893930435181
9041,0.7878854274749756
9042,0.26523324847221375
9043,-0.28892678022384644
9044,-0.6281712055206299
9045,-0.5981817841529846
9046,-0.314082533121109
9047,0.09616508334875107
9048,0.2882673740386963
9049,0.2832520604133606
9050,0.14453183114528656
9051,-0.03912672773003578
9052,-0.07440270483493805
9053,0.07002197951078415
9054,0.07618823647499084
9055,-0.003662343369796872
9056,-0.20499002933502197
9057,-0.3495193123817444
9058,-0.4103602170944214
9059,-0.23449817299842834
9060,0.238185316324234
9061,0.5668467879295349
9062,0.6947388052940369
9063,0.4864799678325653
9064,-0.1739787459373474
9065,-0.7468900680541992
9066,-0.9651183485984802
9067,-0.6900169849395752
9068,-0.002732182154431939
9069,0.7731305360794067
9070,1.2044895887374878
9071,0.9409633874893188
9072,0.15730786323547363
9073,-0.7365108132362366
9074,-1.2916826009750366
9075,-1.1697592735290527
9076,-0.4436871409416199
9077,0.5190057754516602
9078,1.241917371749878
9079,1.2667957544326782
9080,0.6980793476104736
9081,-0.25759294629096985
9082,-1.0246776342391968
9083,-1.3142809867858887
9084,-0.7798094749450684
9085,-0.027733011171221733
9086,0.7584779858589172
9087,1.1306359767913818
9088,0.8242440223693848
9089,0.22164201736450195
9090,-0.5078433752059937
9091,-0.8877041935920715
9092,-0.7249638438224792
9093,-0.2741030156612396
9094,0.2991892099380493
9095,0.5905550718307495
9096,0.523434579372406
9097,0.21599535644054413
9098,-0.06846154481172562
9099,-0.19187943637371063
9100,-0.21521073579788208
9101,-0.09464168548583984
9102,0.025358684360980988
9103,-0.0241536982357502
9104,-0.16071324050426483
9105,-0.19851957261562347
9106,-0.11576134711503983
9107,0.2534012198448181
9108,0.4697597622871399
9109,0.46663898229599
9110,0.19628658890724182
9111,-0.2935926020145416
9112,-0.6656055450439453
9113,-0.8122596144676208
9114,-0.5271265506744385
9115,0.24358783662319183
9116,0.8840931057929993
9117,1.0708036422729492
9118,0.6964118480682373
9119,0.02446514368057251
9120,-0.857900857925415
9121,-1.2760732173919678
9122,-1.0567021369934082
9123,-0.20414617657661438
9124,0.7571460008621216
9125,1.3365880250930786
9126,1.2229775190353394
9127,0.5036676526069641
9128,-0.47675031423568726
9129,-1.2664471864700317
9130,-1.2593175172805786
9131,-0.7098507285118103
9132,0.24533239006996155
9133,1.0177483558654785
9134,1.2582353353500366
9135,0.8395926356315613
9136,0.0699215680360794
9137,-0.7477027773857117
9138,-1.0655014514923096
9139,-0.7834285497665405
9140,-0.19260458648204803
9141,0.4717642366886139
9142,0.7276546955108643
9143,0.6404451131820679
9144,0.26050102710723877
9145,-0.16486860811710358
9146,-0.41227251291275024
9147,-0.3289060890674591
9148,-0.1207764521241188
9149,-0.012735639698803425
9150,0.11128594726324081
9151,0.043575718998909
9152,-0.0428335964679718
9153,-0.019581429660320282
9154,0.1536351591348648
9155,0.32512131333351135
9156,0.3310587406158447
9157,0.1363515853881836
9158,-0.2616156041622162
9159,-0.6360267400741577
9160,-0.6734602451324463
9161,-0.2713858187198639
9162,0.283406525850296
9163,0.8391162157058716
9164,0.9819493889808655
9165,0.6035351157188416
9166,-0.17210982739925385
9167,-0.8762680292129517
9168,-1.2227888107299805
9169,-0.8390904664993286
9170,-0.03983190655708313
9171,0.8810684680938721
9172,1.344847321510315
9173,1.0795674324035645
9174,0.2016884982585907
9175,-0.680709719657898
9176,-1.3220479488372803
9177,-1.2526849508285522
9178,-0.5450966954231262
9179,0.4606226086616516
9180,1.211808443069458
9181,1.2847061157226562
9182,0.7414498329162598
9183,-0.1999874860048294
9184,-0.9801602959632874
9185,-1.1513205766677856
9186,-0.7931960225105286
9187,-0.017111437395215034
9188,0.6084409356117249
9189,0.9289987683296204
9190,0.7305136322975159
9191,0.14920246601104736
9192,-0.3692131042480469
9193,-0.605796217918396
9194,-0.5174086093902588
9195,-0.1351250261068344
9196,0.1299491971731186
9197,0.2787252366542816
9198,0.22215723991394043
9199,0.02122439257800579
9200,-0.05386741831898689
9201,0.042989522218704224
9202,0.1134386882185936
9203,0.18948763608932495
9204,0.007425182964652777
9205,-0.25554364919662476
9206,-0.43580180406570435
9207,-0.44333210587501526
9208,-0.08737526088953018
9209,0.3251546621322632
9210,0.7654075026512146
9211,0.8041492700576782
9212,0.3818877637386322
9213,-0.29263707995414734
9214,-0.8965676426887512
9215,-1.0772955417633057
9216,-0.6623662710189819
9217,0.21130654215812683
9218,0.9758017063140869
9219,1.318932294845581
9220,0.96807461977005
9221,0.057158976793289185
9222,-0.9102160334587097
9223,-1.37971031665802
9224,-1.1188762187957764
9225,-0.31443578004837036
9226,0.7271614074707031
9227,1.325311541557312
9228,1.2629306316375732
9229,0.5248152613639832
9230,-0.4320392906665802
9231,-1.10818612575531
9232,-1.242470622062683
9233,-0.6975574493408203
9234,0.14820051193237305
9235,0.9021380543708801
9236,1.0359783172607422
9237,0.702750563621521
9238,0.07114202529191971
9239,-0.5262028574943542
9240,-0.8175478577613831
9241,-0.5843104720115662
9242,-0.209942027926445
9243,0.31226664781570435
9244,0.4923555254936218
9245,0.3528292179107666
9246,0.08505990356206894
9247,-0.0927974134683609
9248,-0.1322217583656311
9249,-0.05880716070532799
9250,0.013908127322793007
9251,0.010690970346331596
9252,-0.12547236680984497
9253,-0.32037031650543213
9254,-0.2704938054084778
9255,-0.03627677261829376
9256,0.37293434143066406
9257,0.5971969962120056
9258,0.6071813702583313
9259,0.18489228188991547
9260,-0.33386027812957764
9261,-0.8625518083572388
9262,-0.8945133686065674
9263,-0.42764753103256226
9264,0.34632858633995056
9265,1.0724308490753174
9266,1.151963472366333
9267,0.6836969256401062
9268,-0.16921423375606537
9269,-0.9766595363616943
9270,-1.3622909784317017
9271,-0.94367516040802
9272,-0.05349660664796829
9273,0.868545413017273
9274,1.3665049076080322
9275,1.1315019130706787
9276,0.3255981504917145
9277,-0.6737075448036194
9278,-1.2369067668914795
9279,-1.1718336343765259
9280,-0.5483810901641846
9281,0.3852369785308838
9282,1.0070817470550537
9283,1.140436053276062
9284,0.6663253307342529
9285,-0.12315882742404938
9286,-0.7714230418205261
9287,-0.9340080618858337
9288,-0.6397325992584229
9289,-0.06295742094516754
9290,0.5198195576667786
9291,0.612607479095459
9292,0.4666142761707306
9293,0.10693948715925217
9294,-0.22544004023075104
9295,-0.3526872396469116
9296,-0.25031688809394836
9297,-0.09578856080770493
9298,0.025864513590931892
9299,0.020340466871857643
9300,-0.0821971669793129
9301,-0.09632886946201324
9302,0.0025578138884156942
9303,0.2268190234899521
9304,0.4206485450267792
9305,0.3980686068534851
9306,0.05307862535119057
9307,-0.3818416893482208
9308,-0.7038185596466064
9309,-0.6502168774604797
9310,-0.24805092811584473
9311,0.47716429829597473
9312,0.9709531664848328
9313,1.0482991933822632
9314,0.4969943165779114
9315,-0.3296957314014435
9316,-1.0420424938201904
9317,-1.2150089740753174
9318,-0.8014422655105591
9319,0.1355804204940796
9320,0.9953156113624573
9321,1.374186396598816
9322,0.9679166078567505
9323,0.1088675931096077
9324,-0.7817745208740234
9325,-1.351472020149231
9326,-1.1074031591415405
9327,-0.36114105582237244
9328,0.5953214168548584
9329,1.212541103363037
9330,1.1830806732177734
9331,0.5111560821533203
9332,-0.3627004623413086
9333,-0.9129928946495056
9334,-1.0415213108062744
9335,-0.5771327614784241
9336,0.12523527443408966
9337,0.6853322982788086
9338,0.8135648369789124
9339,0.5462274551391602
9340,0.010695425793528557
9341,-0.3602229058742523
9342,-0.5274402499198914
9343,-0.3737865388393402
9344,-0.039854057133197784
9345,0.14523498713970184
9346,0.1801874041557312
9347,0.05795251205563545
9348,0.030635125935077667
9349,0.0639692097902298
9350,0.10509961098432541
9351,0.24474190175533295
9352,0.17654936015605927
9353,-0.04261612892150879
9354,-0.3676317632198334
9355,-0.6074696183204651
9356,-0.48378071188926697
9357,-0.11152467876672745
9358,0.5121148824691772
9359,0.8633142113685608
9360,0.7746901512145996
9361,0.2733945846557617
9362,-0.4548576772212982
9363,-0.9971294403076172
9364,-1.0412558317184448
9365,-0.5271709561347961
9366,0.32282739877700806
9367,1.0094146728515625
9368,1.212067723274231
9369,0.7592015266418457
9370,-0.10962323844432831
9371,-0.9776970744132996
9372,-1.2623412609100342
9373,-0.9842357039451599
9374,-0.13753151893615723
9375,0.7944163084030151
9376,1.297329068183899
9377,1.1380864381790161
9378,0.37689387798309326
9379,-0.5504100322723389
9380,-1.0994760990142822
9381,-1.0319137573242188
9382,-0.48635733127593994
9383,0.30123746395111084
9384,0.8350782990455627
9385,0.9653226733207703
9386,0.5744683146476746
9387,-0.03287053108215332
9388,-0.535539448261261
9389,-0.7146507501602173
9390,-0.48283693194389343
9391,-0.043488096445798874
9392,0.2819032073020935
9393,0.27062639594078064
9394,0.22831076383590698
9395,0.09186381846666336
9396,-0.022412585094571114
9397,-0.046701665967702866
9398,0.06365387886762619
9399,0.061036910861730576
9400,-0.060257457196712494
9401,-0.21172966063022614
9402,-0.33111265301704407
9403,-0.29035940766334534
9404,0.012924978509545326
9405,0.3970566689968109
9406,0.6270954608917236
9407,0.5925240516662598
9408,0.14419357478618622
9409,-0.49950483441352844
9410,-0.8689068555831909
9411,-0.8565505743026733
9412,-0.30032092332839966
9413,0.4852207899093628
9414,1.0371832847595215
9415,1.0777431726455688
9416,0.4999534785747528
9417,-0.34617114067077637
9418,-1.0399941205978394
9419,-1.2428628206253052
9420,-0.7805286049842834
9421,0.06979893147945404
9422,0.9085738062858582
9423,1.2629015445709229
9424,0.961371123790741
9425,0.14773115515708923
9426,-0.7246307134628296
9427,-1.1754802465438843
9428,-0.9794701337814331
9429,-0.34349632263183594
9430,0.4344498813152313
9431,0.9423754811286926
9432,0.9570352435112
9433,0.4669871926307678
9434,-0.18518930673599243
9435,-0.7123342752456665
9436,-0.7314441800117493
9437,-0.4585007429122925
9438,0.034818001091480255
9439,0.4018856883049011
9440,0.5255535840988159
9441,0.3625964820384979
9442,0.044702764600515366
9443,-0.17760299146175385
9444,-0.24577558040618896
9445,-0.10596748441457748
9446,-0.02433190867304802
9447,-0.01713063381612301
9448,-0.11634698510169983
9449,-0.19949962198734283
9450,-0.13652147352695465
9451,0.09468487650156021
9452,0.37045371532440186
9453,0.4784144461154938
9454,0.3593570291996002
9455,-0.03973294049501419
9456,-0.49240684509277344
9457,-0.7864607572555542
9458,-0.5897669196128845
9459,-0.09423520416021347
9460,0.5649803876876831
9461,0.92003333568573
9462,0.8789656162261963
9463,0.2992872893810272
9464,-0.4344821870326996
9465,-1.021340250968933
9466,-1.0554448366165161
9467,-0.5621703863143921
9468,0.29338476061820984
9469,0.9678815007209778
9470,1.1992485523223877
9471,0.7525144815444946
9472,-0.07057549059391022
9473,-0.8367251753807068
9474,-1.1598972082138062
9475,-0.9277794361114502
9476,-0.19851277768611908
9477,0.6324856877326965
9478,1.0464484691619873
9479,0.8506505489349365
9480,0.2696291208267212
9481,-0.40795981884002686
9482,-0.8227664828300476
9483,-0.8091986179351807
9484,-0.3634721338748932
9485,0.20455193519592285
9486,0.6366075277328491
9487,0.5788276791572571
9488,0.35918015241622925
9489,0.010819126851856709
9490,-0.33441728353500366
9491,-0.39329686760902405
9492,-0.2110692709684372
9493,0.002667137887328863
9494,0.11303728073835373
9495,0.008811689913272858
9496,-0.045439764857292175
9497,-0.02993178553879261
9498,0.04858606681227684
9499,0.22105279564857483
9500,0.2921731173992157
9501,0.23586632311344147
9502,-0.09787950664758682
9503,-0.4084567129611969
9504,-0.561699390411377
9505,-0.37472906708717346
9506,-0.0069178021512925625
9507,0.532747209072113
9508,0.773786187171936
9509,0.6164109706878662
9510,0.16902901232242584
9511,-0.5008865594863892
9512,-0.8993377685546875
9513,-0.8743723034858704
9514,-0.3214828073978424
9515,0.41855335235595703
9516,0.9975678324699402
9517,1.0317277908325195
9518,0.6038480997085571
9519,-0.2624070644378662
9520,-0.8588227033615112
9521,-1.1095702648162842
9522,-0.6945825219154358
9523,0.037146635353565216
9524,0.7647467851638794
9525,1.1032084226608276
9526,0.8149962425231934
9527,0.13193990290164948
9528,-0.5273212790489197
9529,-0.8896998763084412
9530,-0.8649317622184753
9531,-0.2584701180458069
9532,0.3450751006603241
9533,0.6379637122154236
9534,0.6718835234642029
9535,0.35499459505081177
9536,-0.15522918105125427
9537,-0.4434322416782379
9538,-0.47591152787208557
9539,-0.24910832941532135
9540,0.04189935326576233
9541,0.19016602635383606
9542,0.21020157635211945
9543,0.13812962174415588
9544,0.02912052348256111
9545,-0.0028469034004956484
9546,0.10458473861217499
9547,0.07849559187889099
9548,0.07499381899833679
9549,-0.11177819222211838
9550,-0.31249356269836426
9551,-0.369907945394516
9552,-0.23032045364379883
9553,0.17722807824611664
9554,0.48233547806739807
9555,0.6340817809104919
9556,0.4985955059528351
9557,0.020204760134220123
9558,-0.5818024277687073
9559,-0.8061737418174744
9560,-0.6493777632713318
9561,-0.16727496683597565
9562,0.5044881105422974
9563,0.901559591293335
9564,0.8751497268676758
9565,0.29925569891929626
9566,-0.43040990829467773
9567,-0.9296461343765259
9568,-0.9729138016700745
9569,-0.4900597631931305
9570,0.19176633656024933
9571,0.7984262108802795
9572,1.0324705839157104
9573,0.6661912202835083
9574,0.045836441218853
9575,-0.6517254114151001
9576,-0.9840688109397888
9577,-0.7379094958305359
9578,-0.18062761425971985
9579,0.40302833914756775
9580,0.7424569725990295
9581,0.6506102085113525
9582,0.24358338117599487
9583,-0.2560245394706726
9584,-0.5314735770225525
9585,-0.5189331769943237
9586,-0.2548408806324005
9587,0.08951491862535477
9588,0.2520335018634796
9589,0.2740456759929657
9590,0.1516580730676651
9591,0.007876337505877018
9592,-0.1369149535894394
9593,-0.08860241621732712
9594,-0.003577128052711487
9595,0.06834551692008972
9596,-0.04927396401762962
9597,-0.17948882281780243
9598,-0.17387795448303223
9599,-0.09838231652975082
9600,0.11691630631685257
9601,0.3947674036026001
9602,0.4140377342700958
9603,0.2757774889469147
9604,-0.09837310761213303
9605,-0.45590177178382874
9606,-0.682712733745575
9607,-0.5073904991149902
9608,-0.014719122089445591
9609,0.5062769055366516
9610,0.7974143624305725
9611,0.6531835794448853
9612,0.17501093447208405
9613,-0.43568792939186096
9614,-0.8516007661819458
9615,-0.847615122795105
9616,-0.30444082617759705
9617,0.28173428773880005
9618,0.8218036890029907
9619,0.921402633190155
9620,0.4750528335571289
9621,-0.12120509147644043
9622,-0.6587007641792297
9623,-0.8382090330123901
9624,-0.5794975757598877
9625,0.01937931962311268
9626,0.5297836661338806
9627,0.798182487487793
9628,0.6242894530296326
9629,0.14456409215927124
9630,-0.34863150119781494
9631,-0.623957097530365
9632,-0.6008691787719727
9633,-0.1967252939939499
9634,0.18574835360050201
9635,0.46893084049224854
9636,0.4154914617538452
9637,0.19403290748596191
9638,-0.024904325604438782
9639,-0.17702649533748627
9640,-0.1928536295890808
9641,-0.10553977638483047
9642,-0.04549343138933182
9643,0.01952936127781868
9644,0.016812799498438835
9645,-0.12653608620166779
9646,-0.0574897825717926
9647,0.12236343324184418
9648,0.24412840604782104
9649,0.2848573327064514
9650,0.07827800512313843
9651,-0.15442831814289093
9652,-0.3811284303665161
9653,-0.45888465642929077
9654,-0.2831627130508423
9655,0.06592970341444016
9656,0.49578356742858887
9657,0.6099571585655212
9658,0.44154122471809387
9659,-0.01750384457409382
9660,-0.43848249316215515
9661,-0.7651941776275635
9662,-0.6311731934547424
9663,-0.2323864996433258
9664,0.43903228640556335
9665,0.7933509349822998
9666,0.6975287199020386
9667,0.2718067765235901
9668,-0.2273949533700943
9669,-0.754369854927063
9670,-0.7362104058265686
9671,-0.45843854546546936
9672,0.04765257611870766
9673,0.6371424794197083
9674,0.7688449621200562
9675,0.5303348898887634
9676,0.006668591871857643
9677,-0.44788599014282227
9678,-0.6145461201667786
9679,-0.5270733833312988
9680,-0.18428441882133484
9681,0.29582464694976807
9682,0.4575953483581543
9683,0.4551599621772766
9684,0.14846359193325043
9685,-0.1348508596420288
9686,-0.29288432002067566
9687,-0.3398733139038086
9688,-0.09263111650943756
9689,0.007278381381183863
9690,0.09497608244419098
9691,0.12440291047096252
9692,0.025097740814089775
9693,0.02568769082427025
9694,0.05284232273697853
9695,0.1373385787010193
9696,0.14208993315696716
9697,0.08100196719169617
9698,-0.13271893560886383
9699,-0.27217549085617065
9700,-0.33524489402770996
9701,-0.1186358779668808
9702,0.07090344280004501
9703,0.40981829166412354
9704,0.4944101870059967
9705,0.30844059586524963
9706,-0.07982651144266129
9707,-0.41524121165275574
9708,-0.5523210763931274
9709,-0.46948251128196716
9710,-0.08719452470541
9711,0.40025776624679565
9712,0.6608461141586304
9713,0.5763218998908997
9714,0.16137440502643585
9715,-0.31746000051498413
9716,-0.6974260210990906
9717,-0.662329375743866
9718,-0.28871405124664307
9719,0.19841982424259186
9720,0.6046322584152222
9721,0.7572824358940125
9722,0.3822759687900543
9723,-0.11818095296621323
9724,-0.5579598546028137
9725,-0.5887481570243835
9726,-0.4332687556743622
9727,-0.04874814674258232
9728,0.4154098927974701
9729,0.546144962310791
9730,0.34277260303497314
9731,0.09323282539844513
9732,-0.1651279330253601
9733,-0.3231735825538635
9734,-0.3357813358306885
9735,-0.06611006706953049
9736,0.1318085640668869
9737,0.14572565257549286
9738,0.10680905729532242
9739,0.027561016380786896
9740,0.009464171715080738
9741,0.004535500891506672
9742,0.011938192881643772
9743,0.016940327361226082
9744,0.0019893059507012367
9745,-0.06715761870145798
9746,-0.20827215909957886
9747,-0.228685200214386
9748,-0.06404060870409012
9749,0.17320746183395386
9750,0.31097522377967834
9751,0.3351532220840454
9752,0.14243938028812408
9753,-0.10077504068613052
9754,-0.44177964329719543
9755,-0.46880149841308594
9756,-0.3089722990989685
9757,0.05809614434838295
9758,0.38391488790512085
9759,0.5834018588066101
9760,0.4125063121318817
9761,0.01960029825568199
9762,-0.36029115319252014
9763,-0.6032292246818542
9764,-0.5296269059181213
9765,-0.17198534309864044
9766,0.31121626496315
9767,0.5491360425949097
9768,0.5551943182945251
9769,0.24628639221191406
9770,-0.16739431023597717
9771,-0.507645308971405
9772,-0.4906262457370758
9773,-0.3748626708984375
9774,0.07747998088598251
9775,0.3827386498451233
9776,0.5200865864753723
9777,0.2860972583293915
9778,0.06672096252441406
9779,-0.29607757925987244
9780,-0.3556947708129883
9781,-0.2796151340007782
9782,-0.08141694217920303
9783,0.10860276222229004
9784,0.21040469408035278
9785,0.20253559947013855
9786,0.05439424887299538
9787,-0.10205866396427155
9788,-0.14985644817352295
9789,-0.04945031553506851
9790,0.0014322346542030573
9791,0.014513126574456692
9792,-0.02543954737484455
9793,-0.05950046330690384
9794,-0.0625552386045456
9795,-0.004293252248317003
9796,0.08106131851673126
9797,0.1789022982120514
9798,0.16374096274375916
9799,0.07339891791343689
9800,-0.165244460105896
9801,-0.3075900077819824
9802,-0.2846984565258026
9803,-0.17447856068611145
9804,0.140512153506279
9805,0.4018371105194092
9806,0.3711477816104889
9807,0.2252061367034912
9808,-0.03355732187628746
9809,-0.37897542119026184
9810,-0.4749511778354645
9811,-0.3456647992134094
9812,-0.05889562889933586
9813,0.3348289430141449
9814,0.5567697882652283
9815,0.46310126781463623
9816,0.11062805354595184
9817,-0.23332737386226654
9818,-0.485107421875
9819,-0.4128710627555847
9820,-0.21991990506649017
9821,0.11009086668491364
9822,0.3920733332633972
9823,0.4508962035179138
9824,0.24473445117473602
9825,-0.03526444733142853
9826,-0.28672266006469727
9827,-0.343650758266449
9828,-0.22393128275871277
9829,-0.020859237760305405
9830,0.16322503983974457
9831,0.27536964416503906
9832,0.1780407726764679
9833,0.0909431204199791
9834,-0.07105346024036407
9835,-0.13691766560077667
9836,-0.1897859126329422
9837,0.028391771018505096
9838,0.062145814299583435
9839,0.06983542442321777
9840,0.011391011998057365
9841,0.007282532285898924
9842,0.09094762802124023
9843,0.03919169306755066
9844,0.131338432431221
9845,0.11962074041366577
9846,0.021230682730674744
9847,-0.10033303499221802
9848,-0.23654881119728088
9849,-0.1806696653366089
9850,-0.11048134416341782
9851,0.17894737422466278
9852,0.3035869598388672
9853,0.2732168436050415
9854,0.09078328311443329
9855,-0.0875747874379158
9856,-0.29024675488471985
9857,-0.39822185039520264
9858,-0.18401995301246643
9859,0.04220588505268097
9860,0.28247353434562683
9861,0.36825308203697205
9862,0.30633220076560974
9863,0.03974983096122742
9864,-0.22338208556175232
9865,-0.37087109684944153
9866,-0.34807687997817993
9867,-0.1002754271030426
9868,0.21746958792209625
9869,0.38307851552963257
9870,0.352322518825531
9871,0.19136330485343933
9872,-0.10561096668243408
9873,-0.27385929226875305
9874,-0.3210296332836151
9875,-0.2238173633813858
9876,0.04250442236661911
9877,0.20675724744796753
9878,0.2828678488731384
9879,0.14181619882583618
9880,0.05989593267440796
9881,-0.07807964831590652
9882,-0.17835715413093567
9883,-0.13077054917812347
9884,-0.03396281599998474
9885,0.0462060272693634
9886,0.10222206264734268
9887,0.03477611020207405
9888,-0.01664702594280243
9889,-0.007877076976001263
9890,0.06978077441453934
9891,0.025750640779733658
9892,0.008287095464766026
9893,-0.031341299414634705
9894,-0.06736087799072266
9895,-0.0865827426314354
9896,-0.12926512956619263
9897,-0.012649809941649437
9898,0.11342144757509232
9899,0.21022634208202362
9900,0.19235217571258545
9901,0.10237031430006027
9902,-0.08148462325334549
9903,-0.2561729848384857
9904,-0.1817374974489212
9905,-0.17281128466129303
9906,0.0331072099506855
9907,0.2824179232120514
9908,0.3100486993789673
9909,0.18970488011837006
9910,-0.012117840349674225
9911,-0.20753048360347748
9912,-0.3326278030872345
9913,-0.2624422311782837
9914,-0.0704454705119133
9915,0.15823782980442047
9916,0.2838272750377655
9917,0.303801953792572
9918,0.1023627370595932
9919,-0.10528357326984406
9920,-0.2801710069179535
9921,-0.2302168607711792
9922,-0.17367760837078094
9923,0.07608267664909363
9924,0.22375214099884033
9925,0.21103349328041077
9926,0.1065901443362236
9927,0.005489984527230263
9928,-0.152823805809021
9929,-0.19559787213802338
9930,-0.1170160099864006
9931,-0.05079525336623192
9932,0.06426631659269333
9933,0.1600036472082138
9934,0.06006767600774765
9935,0.04833943396806717
9936,-0.05022953823208809
9937,-0.023687971755862236
9938,-0.018287789076566696
9939,-0.001318827155046165
9940,0.01783605106174946
9941,0.031265608966350555
9942,-0.060329265892505646
9943,-0.007459909189492464
9944,0.015384125523269176
9945,0.09709431231021881
9946,0.10615936666727066
9947,0.08222585916519165
9948,0.014883735217154026
9949,-0.11259490996599197
9950,-0.16615155339241028
9951,-0.19006647169589996
9952,-0.06054944545030594
9953,0.08648718148469925
9954,0.2457137405872345
9955,0.25704801082611084
9956,0.12446242570877075
9957,-0.0656372606754303
9958,-0.17126435041427612
9959,-0.20696140825748444
9960,-0.1571080982685089
9961,-0.015191980637609959
9962,0.11375224590301514
9963,0.2356034368276596
9964,0.23974646627902985
9965,0.028022827580571175
9966,-0.11537320166826248
9967,-0.2056216299533844
9968,-0.17621207237243652
9969,-0.04517446458339691
9970,0.021505365148186684
9971,0.17550671100616455
9972,0.191145122051239
9973,0.08676104247570038
9974,0.00010772106907097623
9975,-0.14067646861076355
9976,-0.11858914792537689
9977,-0.034908492118120193
9978,-0.00249113398604095
9979,0.08070103079080582
9980,0.09269199520349503
9981,0.09247384965419769
9982,-0.05181001499295235
9983,-0.07748885452747345
9984,-0.055813562124967575
9985,-0.004933577962219715
9986,0.011003289371728897
9987,-0.019276387989521027
9988,0.04755280166864395
9989,-0.009267435409128666
9990,-0.030943965539336205
9991,0.02537696808576584
9992,0.08140291273593903
9993,0.060326870530843735
9994,0.0029305031057447195
9995,-0.017500290647149086
9996,-0.05998290702700615
9997,-0.07196415960788727
9998,-0.11514479666948318
9999,-0.009514453820884228
10000,0.03493104130029678
10001,0.132511168718338
10002,0.08446038514375687
10003,0.03650936484336853
10004,-0.10168648511171341
10005,-0.16719819605350494
10006,-0.19651326537132263
10007,-0.13879746198654175
10008,0.07151952385902405
10009,0.16928891837596893
10010,0.17874614894390106
10011,0.09858766198158264
10012,0.04229230433702469
10013,-0.11821966618299484
10014,-0.14479760825634003
10015,-0.08762109279632568
10016,-0.016965914517641068
10017,0.12731365859508514
10018,0.1378846913576126
10019,0.12166127562522888
10020,0.05227137356996536
10021,-0.08152830600738525
10022,-0.14111022651195526
10023,-0.0857263058423996
10024,-0.10576340556144714
10025,0.05601635202765465
10026,0.0856921598315239
10027,0.12265532463788986
10028,0.0762484073638916
10029,0.019074728712439537
10030,0.01302192360162735
10031,-0.051945991814136505
10032,-0.03519367426633835
10033,0.030060071498155594
10034,-0.0038146444130688906
10035,0.05287875235080719
10036,0.030641648918390274
10037,-0.012827985920011997
10038,-0.033247850835323334
10039,-0.0443645678460598
10040,0.08115314692258835
10041,-0.02652156725525856
10042,-0.04167193919420242
10043,-0.008659390732645988
10044,-0.035851649940013885
10045,-0.03090931847691536
10046,0.004853279795497656
10047,0.03661448881030083
10048,0.049040209501981735
10049,0.04298337176442146
10050,0.034603312611579895
10051,-0.01280198059976101
10052,-0.051031965762376785
10053,-0.08399288356304169
10054,-0.10067733377218246
10055,0.052919745445251465
10056,0.08726221323013306
10057,0.018571995198726654
10058,0.096836157143116
10059,-0.010916326195001602
10060,-0.0819719135761261
10061,-0.09389074891805649
10062,-0.06261005997657776
10063,0.00882809329777956
10064,0.07080571353435516
10065,0.09724147617816925
10066,0.09292163699865341
10067,0.02880547195672989
10068,0.028941156342625618
10069,-0.073735810816288
10070,-0.08447525650262833
10071,-0.043344512581825256
10072,0.03913002088665962
10073,0.06533181667327881
10074,0.06928309798240662
10075,0.02653094194829464
10076,-0.012508763931691647
10077,-0.012512274086475372
10078,0.001426414935849607
10079,-0.012287482619285583
10080,-0.0010403580963611603
10081,-0.014787842519581318
10082,-0.011323007754981518
10083,0.016615118831396103
10084,-0.003134635277092457
10085,-0.004054903984069824
10086,-0.03255966305732727
10087,0.0013600155944004655
10088,-0.05374474823474884
10089,-0.03868532180786133
10090,-0.037476468831300735
10091,-0.0012911006342619658
10092,-0.030465541407465935
10093,-0.0221264585852623
10094,0.03493260219693184
10095,0.03366507589817047
10096,0.055165231227874756
10097,0.011154296807944775
10098,-0.02199731022119522
10099,-0.05101636424660683
10100,-0.01843106746673584
10101,-0.03138197958469391
10102,-0.019002629444003105
10103,0.07804972678422928
10104,0.03446045145392418
10105,0.022116675972938538
10106,3.43570536642801e-05
10107,-0.018015028908848763
10108,-0.1401607245206833
10109,-0.060967136174440384
10110,0.04599272832274437
10111,-0.009202437475323677
10112,0.06651987135410309
10113,0.024341100826859474
10114,-0.025787755846977234
10115,-0.035783231258392334
10116,-0.09725331515073776
10117,-0.02413773722946644
10118,0.026536153629422188
10119,-0.022282777354121208
10120,0.016593119129538536
10121,0.06879636645317078
10122,0.02397114224731922
10123,-0.020479440689086914
10124,0.01757320575416088
10125,-0.07602124661207199
10126,-0.021364329382777214
10127,0.006026928778737783
10128,0.004691140726208687
10129,0.039629146456718445
10130,-0.041361402720212936
10131,0.00153872009832412
10132,-0.02919427491724491
10133,0.03028586320579052
10134,0.02863076888024807
10135,-0.022835543379187584
10136,-0.033944059163331985
10137,-0.004784723278135061
10138,-0.030999552458524704
10139,-0.020221738144755363
10140,0.01577465794980526
10141,-0.004440127406269312
10142,0.06655152142047882
10143,0.009516933001577854
10144,-0.01831471361219883
10145,-0.04680762067437172
10146,-0.033578306436538696
10147,0.020056767389178276
10148,0.015613569878041744
10149,0.05586601421236992
10150,0.059821318835020065
10151,0.03385569900274277
10152,-0.0165492445230484
10153,-0.015652919188141823
10154,-0.01910231076180935
10155,-0.07005512714385986
10156,0.001028007478453219
10157,-0.02448025718331337
10158,0.015863293781876564
10159,0.0045326463878154755
10160,0.02863949164748192
10161,0.07608075439929962
10162,-0.05115709826350212
10163,-0.019413597881793976
10164,0.04882188141345978
10165,-0.02882322296500206
10166,0.00345477438531816
10167,0.011829568073153496
10168,0.021092722192406654
10169,-0.0458526536822319
10170,0.002914430107921362
10171,0.007064709905534983
10172,0.06688852608203888
10173,-0.0062920148484408855
10174,-0.014623858034610748
10175,0.010773366317152977
10176,-0.07206466048955917
10177,0.013512642122805119
10178,0.046255528926849365
10179,-0.0042097182013094425
10180,-0.004364706575870514
10181,-0.009084658697247505
10182,0.004168638493865728
10183,-0.03668012097477913
10184,0.047092750668525696
10185,-0.013855953700840473
10186,-0.013683963567018509
10187,0.0507967583835125
10188,0.002663469174876809
10189,-0.010255332104861736
10190,0.051198188215494156
10191,0.005040224175900221
10192,0.025991443544626236
10193,-0.020029280334711075
10194,-0.05476802960038185
10195,0.00645132502540946
10196,0.04688984900712967
10197,-0.009064837358891964
10198,0.014687011949717999
10199,0.022779449820518494
10200,0.006107437890022993
10201,-0.0010575945489108562
10202,0.02081192471086979
10203,0.006389527581632137
10204,-0.013328718021512032
10205,0.036251891404390335
10206,0.02843642607331276
10207,0.013755825348198414
10208,0.021814551204442978
10209,-0.08099444210529327
10210,0.006473883055150509
10211,0.0008486353908665478
10212,-0.05850394070148468
10213,0.06530127674341202
10214,0.013696983456611633
10215,-0.010797262191772461
10216,-0.01007128693163395
10217,0.008358201943337917
10218,-0.0004827691300306469
10219,-0.04820292815566063
10220,-0.01103709451854229
10221,0.015112588182091713
10222,0.020407309755682945
10223,0.027902407571673393
10224,-0.030479848384857178
10225,-0.01780690625309944
10226,0.012369776144623756
10227,-0.017122136428952217
10228,0.007838176563382149
10229,-0.02354532852768898
10230,0.019276367500424385
10231,0.003507290268316865
10232,0.01922248676419258
10233,0.002815163927152753
10234,-0.021898241713643074
10235,-0.03493041917681694
10236,0.0032503767870366573
10237,-0.016463622450828552
10238,-0.04284733906388283
10239,-0.014508680440485477
